,tweet_id,name,rating_numerator,rating_denominator,stage
0,892420643555336193,Phineas,13,10,
1,892177421306343426,Tilly,13,10,
2,891815181378084864,Archie,12,10,
3,891689557279858688,Darla,13,10,
4,891327558926688256,Franklin,12,10,
5,891087950875897856,None,13,10,
6,890971913173991426,Jax,13,10,
7,890729181411237888,None,13,10,
8,890609185150312448,Zoey,13,10,
9,890240255349198849,Cassie,14,10,doggo
10,890006608113172480,Koda,13,10,
11,889880896479866881,Bruno,13,10,
12,889665388333682689,None,13,10,puppo
13,889638837579907072,Ted,12,10,
14,889531135344209921,Stuart,13,10,puppo
15,889278841981685760,Oliver,13,10,
16,888917238123831296,Jim,12,10,
17,888804989199671297,Zeke,13,10,
18,888554962724278272,Ralphus,13,10,
19,888202515573088257,Canela,13,10,
20,888078434458587136,Gerald,12,10,
21,887705289381826560,Jeffrey,13,10,
22,887517139158093824,such,14,10,
23,887473957103951883,Canela,13,10,
24,887343217045368832,None,13,10,
25,887101392804085760,None,12,10,
26,886983233522544640,Maya,13,10,
27,886736880519319552,Mingus,13,10,
28,886680336477933568,Derek,13,10,
29,886366144734445568,Roscoe,12,10,pupper
30,886267009285017600,None,12,10,
31,886258384151887873,Waffles,13,10,
32,886054160059072513,None,12,10,
33,885984800019947520,Jimbo,12,10,
34,885528943205470208,Maisey,13,10,
35,885518971528720385,None,14,10,
36,885311592912609280,Lilly,13,10,
37,885167619883638784,None,13,10,
38,884925521741709313,Earl,12,10,
39,884876753390489601,Lola,13,10,
40,884562892145688576,Kevin,13,10,
41,884441805382717440,None,14,10,
42,884247878851493888,None,13,10,
43,884162670584377345,Yogi,12,10,doggo
44,883838122936631299,Noah,12,10,
45,883482846933004288,Bella,5,10,
46,883360690899218434,Grizzwald,13,10,floofer
47,883117836046086144,None,13,10,
48,882992080364220416,Rusty,13,10,
49,882762694511734784,Gus,12,10,pupper
50,882627270321602560,Stanley,13,10,
51,882268110199369728,Alfy,13,10,
52,882045870035918850,Koko,13,10,
53,881906580714921986,Rey,12,10,
54,881666595344535552,Gary,13,10,
55,881633300179243008,None,17,10,
56,881536004380872706,a,14,10,pupper
57,881268444196462592,Elliot,12,10,
58,880935762899988482,Louis,13,10,
59,880872448815771648,None,12,10,
60,880465832366813184,Bella,12,10,
61,880221127280381952,Jesse,12,10,
62,880095782870896641,None,11,10,
63,879862464715927552,Romeo,13,10,
64,879674319642796034,None,14,10,
65,879492040517615616,Bailey,12,10,
66,879415818425184262,Duddles,13,10,
67,879376492567855104,Jack,12,10,
68,879130579576475649,Emmy,14,10,
69,879050749262655488,Steven,11,10,
70,879008229531029506,Beau,13,10,
71,878776093423087618,Snoopy,13,10,puppo
72,878604707211726852,None,13,10,
73,878404777348136964,Shadow,13,10,
74,878316110768087041,Terrance,11,10,
75,878281511006478336,Shadow,13,10,
76,878057613040115712,Emmy,14,10,
77,877736472329191424,Aja,13,10,
78,877611172832227328,None,14,10,pupper
79,877556246731214848,Penny,12,10,
80,877316821321428993,Dante,13,10,
81,877201837425926144,Nelly,12,10,
82,876838120628539392,Ginger,12,10,pupper
83,876537666061221889,None,14,10,
84,876484053909872640,Benedict,13,10,
85,876120275196170240,Venti,13,10,
86,875747767867523072,Goose,13,10,
87,875144289856114688,Nugget,13,10,
88,875097192612077568,None,13,10,
89,875021211251597312,None,12,10,
90,874680097055178752,Cash,12,10,
91,874434818259525634,Coco,12,10,
92,874296783580663808,Jed,13,10,pupper
93,874057562936811520,None,12,10,
94,874012996292530176,Sebastian,13,10,puppo
95,873697596434513921,Walter,14,10,
96,873580283840344065,None,13,10,
97,873337748698140672,Sierra,12,10,pupper
98,873213775632977920,Sierra,12,10,pupper
99,872967104147763200,None,12,10,doggo
100,872820683541237760,None,13,10,
101,872668790621863937,None,14,10,
102,872620804844003328,Monkey,13,10,
103,872486979161796608,None,12,10,
104,872261713294495745,Harry,13,10,
105,872122724285648897,Kody,12,10,
106,871879754684805121,Lassie,13,10,
107,871762521631449091,Rover,12,10,pupper
108,871515927908634625,Napolean,12,10,doggo
109,871166179821445120,Dawn,12,10,
110,871102520638267392,None,14,10,doggo
111,871032628920680449,Boomer,13,10,
112,870804317367881728,None,11,10,
113,870726314365509632,None,10,10,
114,870656317836468226,Cody,13,10,
115,870374049280663552,Zoey,13,10,
116,870308999962521604,Rumble,13,10,
117,870063196459192321,Clifford,14,10,
118,869988702071779329,quite,12,10,
119,869772420881756160,Dewey,13,10,
120,869702957897576449,Stanley,13,10,
121,869596645499047938,Scout,12,10,doggo
122,869227993411051520,Gizmo,13,10,
123,868880397819494401,Walter,14,10,
124,868639477480148993,Cooper,12,10,
125,868622495443632128,None,13,10,
126,868552278524837888,Cooper,12,10,
127,867900495410671616,None,12,10,
128,867774946302451713,Harold,13,10,
129,867421006826221569,Shikha,12,10,puppo
130,867072653475098625,None,13,10,
131,867051520902168576,None,13,10,
132,866816280283807744,Jamesy,13,10,pupper
133,866720684873056260,None,13,10,
134,866686824827068416,Lili,12,10,
135,866450705531457537,Jamesy,13,10,pupper
136,866334964761202691,Coco,12,10,
137,866094527597207552,None,12,10,pupper
138,865718153858494464,Boomer,13,10,
139,865359393868664832,Sammy,13,10,
140,865006731092295680,Nelly,13,10,
141,864873206498414592,None,14,10,
142,864279568663928832,Meatball,12,10,
143,864197398364647424,Paisley,13,10,
144,863907417377173506,Albus,13,10,
145,863553081350529029,Neptune,13,10,
146,863471782782697472,Quinn,13,10,
147,863432100342583297,Belle,12,10,
148,863427515083354112,None,12,10,
149,863079547188785154,None,14,10,
150,863062471531167744,Quinn,13,10,
151,862831371563274240,Zooey,13,10,
152,862722525377298433,Dave,11,10,
153,862457590147678208,Jersey,13,10,
154,862096992088072192,None,13,10,
155,861769973181624320,None,13,10,
156,861383897657036800,Hobbes,13,10,
157,861288531465048066,None,13,10,
158,861005113778896900,Burt,12,10,
159,860981674716409858,Lorenzo,13,10,
160,860924035999428608,None,13,10,
161,860563773140209665,Lorenzo,13,10,
162,860524505164394496,Carl,13,10,
163,860276583193509888,Jordy,12,10,
164,860184849394610176,None,14,10,
165,860177593139703809,None,10,10,
166,859924526012018688,Milky,12,10,
167,859851578198683649,Trooper,13,10,
168,859607811541651456,None,13,10,puppo
169,859196978902773760,quite,12,10,
170,859074603037188101,None,13,10,
171,858860390427611136,Winston,12,10,
172,858843525470990336,None,13,10,doggo
173,858471635011153920,Sophie,13,10,
174,858107933456039936,Wyatt,12,10,
175,857989990357356544,Rosie,12,10,
176,857746408056729600,Thor,13,10,
177,857393404942143489,None,13,10,
178,857263160327368704,Oscar,13,10,
179,857214891891077121,None,12,10,
180,857062103051644929,None,13,10,
181,857029823797047296,Zeke,12,10,
182,856602993587888130,Luna,13,10,
183,856543823941562368,Callie,12,10,
184,856526610513747968,None,14,10,
185,856330835276025856,None,14,10,
186,856288084350160898,None,14,10,
187,856282028240666624,Cermet,14,10,
188,855862651834028034,None,420,10,
189,855860136149123072,None,666,10,
190,855857698524602368,None,13,10,
191,855851453814013952,None,13,10,doggo
192,855818117272018944,None,13,10,
193,855459453768019968,quite,12,10,
194,855245323840757760,George,12,10,
195,855138241867124737,None,14,10,
196,854732716440526848,Marlee,12,10,
197,854482394044301312,Arya,13,10,
198,854365224396361728,Einstein,13,10,
199,854120357044912130,None,14,10,pupper
200,854010172552949760,None,11,10,doggo
201,853760880890318849,Alice,12,10,
202,853639147608842240,None,13,10,
203,853299958564483072,Rumpole,13,10,
204,852936405516943360,None,13,10,
205,852912242202992640,Benny,12,10,
206,852672615818899456,Aspen,12,10,
207,852553447878664193,Jarod,13,10,
208,852311364735569921,Wiggles,13,10,
209,852226086759018497,General,14,10,
210,852189679701164033,Sailor,12,10,
211,851953902622658560,Astrid,13,10,doggo
212,851861385021730816,None,10,10,
213,851591660324737024,None,11,10,
214,851464819735769094,Iggy,14,10,
215,851224888060895234,Snoop,13,10,
216,850753642995093505,Kyle,11,10,
217,850380195714523136,Leo,13,10,
218,850333567704068097,None,13,10,
219,850145622816686080,Riley,11,10,
220,850019790995546112,Boomer,12,10,pupper
221,849776966551130114,None,12,10,
222,849668094696017920,Gidget,12,10,pupper
223,849412302885593088,Noosh,12,10,
224,849336543269576704,None,11,10,
225,849051919805034497,Kevin,13,10,
226,848690551926992896,None,12,10,
227,848324959059550208,Odin,12,10,
228,848213670039564288,None,11,10,
229,848212111729840128,Jerry,6,10,
230,847978865427394560,Charlie,11,10,
231,847971574464610304,None,13,10,
232,847962785489326080,Georgie,10,10,
233,847842811428974592,Rontu,12,10,
234,847617282490613760,None,13,10,
235,847606175596138505,Cannon,12,10,
236,847251039262605312,Furzey,12,10,
237,847157206088847362,Daisy,11,10,
238,847116187444137987,None,11,10,
239,846874817362120707,Tuck,13,10,
240,846514051647705089,Barney,13,10,doggo
241,846505985330044928,None,11,10,
242,846153765933735936,Vixen,13,10,
243,846139713627017216,None,13,10,
244,846042936437604353,Jarvis,12,10,
245,845812042753855489,None,13,10,
246,845677943972139009,None,12,10,
247,845459076796616705,None,12,10,
248,845397057150107648,Mimosa,13,10,doggo
249,845306882940190720,Pickles,12,10,pupper
250,845098359547420673,Bungalo,12,10,
251,844979544864018432,None,13,10,
252,844973813909606400,Brady,12,10,
253,844704788403113984,Luna,13,10,
254,844580511645339650,Charlie,11,10,
255,844223788422217728,Margo,12,10,
256,843981021012017153,None,13,10,
257,843856843873095681,Sadie,12,10,
258,843604394117681152,Hank,11,10,
259,843235543001513987,Tycho,13,10,
260,842892208864923648,Stephan,13,10,
261,842846295480000512,Charlie,13,10,
262,842765311967449089,Indie,12,10,
263,842535590457499648,Winnie,13,10,
264,842163532590374912,George,12,10,
265,842115215311396866,Bentley,12,10,
266,841833993020538882,Ken,13,10,
267,841680585030541313,Penny,12,10,
268,841439858740625411,None,14,10,
269,841320156043304961,None,12,10,
270,841314665196081154,Max,13,10,
271,841077006473256960,Dawn,12,10,
272,840761248237133825,Maddie,12,10,
273,840728873075638272,Pipsy,12,10,
274,840698636975636481,None,10,10,
275,840696689258311684,None,10,10,
276,840632337062862849,Maddie,12,10,
277,840370681858686976,None,13,10,
278,840268004936019968,Monty,12,10,
279,839990271299457024,Sojourner,13,10,
280,839549326359670784,Winston,12,10,
281,839290600511926273,None,10,10,pupper
282,839239871831150596,Odie,13,10,
283,838952994649550848,None,13,10,
284,838921590096166913,Arlo,13,10,
285,838916489579200512,None,15,10,
286,838831947270979586,Riley,13,10,
287,838561493054533637,Walter,13,10,
288,838476387338051585,Stanley,13,10,
289,838201503651401729,Sunny,13,10,
290,838150277551247360,None,182,10,
291,838085839343206401,None,15,10,
292,838083903487373313,Daisy,13,10,
293,837820167694528512,None,12,10,pupper
294,837482249356513284,Waffles,13,10,
295,837471256429613056,Vincent,12,10,
296,837366284874571778,Lucy,13,10,
297,837110210464448512,Clark,13,10,pupper
298,837012587749474308,None,14,10,
299,836989968035819520,Mookie,12,10,
300,836753516572119041,Meera,12,10,doggo
301,836677758902222849,Oliver,11,10,
302,836648853927522308,None,11,10,
303,836397794269200385,Buddy,13,10,
304,836380477523124226,Ava,12,10,pupper
305,836260088725786625,Lucy,13,10,
306,836001077879255040,None,13,10,
307,835685285446955009,Rory,12,10,
308,835574547218894849,Eli,11,10,
309,835536468978302976,Lola,12,10,
310,835309094223372289,None,13,10,
311,835297930240217089,Ash,12,10,
312,835264098648616962,Lola,12,10,
313,835246439529840640,None,960,0,
314,835172783151792128,None,12,10,
315,835152434251116546,None,0,10,
316,834931633769889797,Tucker,12,10,
317,834786237630337024,Tobi,13,10,
318,834574053763584002,None,13,10,doggo
319,834477809192075265,Leo,12,10,
320,834458053273591808,Chester,12,10,
321,834209720923721728,Wilson,12,10,
322,834167344700198914,Sunshine,11,10,
323,834089966724603904,None,10,10,doggo
324,834086379323871233,Lipton,12,10,
325,833863086058651648,Bentley,12,10,
326,833826103416520705,Charlie,13,10,
327,833732339549220864,Gabby,12,10,
328,833722901757046785,Bronte,13,10,
329,833479644947025920,Poppy,13,10,
330,833124694597443584,Gidget,12,10,pupper
331,832998151111966721,Rhino,13,10,doggo
332,832769181346996225,None,12,10,
333,832757312314028032,Willow,13,10,
334,832682457690300417,None,13,10,
335,832645525019123713,not,10,10,
336,832636094638288896,Orion,12,10,
337,832397543355072512,Eevee,12,10,
338,832369877331693569,Charlie,11,10,
339,832273440279240704,Smiley,14,10,doggo
340,832215909146226688,Logan,75,10,
341,832215726631055365,Moreton,13,10,
342,832088576586297345,None,11,15,
343,832040443403784192,Klein,12,10,
344,832032802820481025,Miguel,12,10,doggo
345,831939777352105988,Emanuel,12,10,doggo
346,831926988323639298,None,12,10,
347,831911600680497154,Kuyu,14,10,
348,831670449226514432,Daisy,13,10,
349,831650051525054464,None,13,10,
350,831552930092285952,Dutch,13,10,
351,831322785565769729,Pete,12,10,doggo
352,831315979191906304,None,13,10,pupper
353,831309418084069378,Scooter,12,10,
354,831262627380748289,Tucker,12,10,
355,830956169170665475,Reggie,12,10,
356,830583320585068544,Lilly,13,10,
357,830173239259324417,Kyro,12,10,
358,830097400375152640,Samson,13,10,
359,829878982036299777,Loki,12,10,doggo
360,829861396166877184,Mia,12,10,
361,829501995190984704,Leo,12,10,
362,829449946868879360,None,11,10,doggo
363,829374341691346946,Astrid,13,10,doggo
364,829141528400556032,Malcolm,12,10,
365,829011960981237760,Dexter,13,10,
366,828801551087042563,Gus,12,10,
367,828770345708580865,Alfie,13,10,
368,828708714936930305,Fiona,10,10,
369,828650029636317184,one,14,10,
370,828409743546925057,Mutt,12,10,
371,828408677031882754,Bear,12,10,
372,828381636999917570,Doobert,14,10,doggo
373,828376505180889089,Beebop,13,10,
374,828372645993398273,Alexander,12,10,
375,828361771580813312,None,12,10,
376,828046555563323392,Sailer,13,10,
377,828011680017821696,Brutus,11,10,
378,827933404142436356,Kona,12,10,pupper
379,827653905312006145,Boots,12,10,
380,827600520311402496,Tucker,13,10,
381,827324948884643840,Ralphie,12,10,
382,827228250799742977,Phil,12,10,
383,827199976799354881,Charlie,13,10,
384,826958653328592898,Loki,12,10,doggo
385,826848821049180160,Cupid,13,10,doggo
386,826615380357632002,None,10,10,
387,826598799820865537,None,7,10,
388,826598365270007810,Pawnd,13,10,
389,826476773533745153,Pilot,12,10,doggo
390,826240494070030336,None,11,10,
391,826204788643753985,None,13,10,doggo
392,826115272272650244,Ike,13,10,
393,825876512159186944,Mo,11,10,
394,825829644528148480,Toby,12,10,
395,825535076884762624,None,14,10,puppo
396,825147591692263424,Sweet,13,10,
397,825120256414846976,Pablo,12,10,puppo
398,825026590719483904,Pablo,12,10,puppo
399,824796380199809024,Bailey,11,10,
400,824775126675836928,Scooter,12,10,
401,824663926340194305,Wilson,13,10,
402,824325613288833024,None,13,10,pupper
403,824297048279236611,Nala,11,10,
404,824025158776213504,None,14,10,
405,823939628516474880,Cash,12,10,
406,823719002937630720,Balto,12,10,
407,823699002998870016,Winston,12,10,
408,823581115634085888,Crawford,11,10,
409,823333489516937216,None,13,10,
410,823322678127919110,Wyatt,11,10,
411,823269594223824897,None,11,10,
412,822975315408461824,Albus,12,10,
413,822872901745569793,None,13,10,puppo
414,822859134160621569,Hobbes,12,10,
415,822647212903690241,Paisley,13,10,
416,822610361945911296,None,12,10,
417,822489057087389700,Paisley,13,10,
418,822462944365645825,Gabe,14,10,pupper
419,822244816520155136,None,11,10,
420,822163064745328640,Mattie,11,10,
421,821886076407029760,Jimison,13,10,
422,821813639212650496,Hercules,12,10,
423,821765923262631936,Duchess,13,10,doggo
424,821522889702862852,Harlso,13,10,
425,821421320206483457,Sampson,12,10,doggo
426,821407182352777218,Sundance,14,10,doggo
427,821153421864615936,None,13,10,
428,821149554670182400,Luca,12,10,
429,821107785811234820,None,11,10,doggo
430,821044531881721856,Flash,12,10,
431,820837357901512704,Finn,12,10,
432,820749716845686786,Sunny,13,10,
433,820690176645140481,None,84,70,
434,820494788566847489,None,14,10,
435,820446719150292993,Peaches,13,10,
436,820314633777061888,None,14,10,
437,820078625395449857,None,12,10,
438,820013781606658049,Oliver,13,10,puppo
439,819952236453363712,Oliver,13,10,puppo
440,819924195358416896,None,11,10,doggo
441,819711362133872643,Howie,11,10,
442,819588359383371776,Jazzy,13,10,
443,819347104292290561,Anna,12,10,
444,819238181065359361,None,10,10,pupper
445,819227688460238848,Finn,12,10,
446,819015337530290176,Bo,14,10,doggo
447,819015331746349057,Sunny,14,10,doggo
448,819006400881917954,Sunny,14,10,doggo
449,819004803107983360,Bo,14,10,doggo
450,818646164899774465,Seamus,11,10,
451,818627210458333184,Wafer,13,10,
452,818614493328580609,Bear,12,10,
453,818588835076603904,Chelsea,11,10,pupper
454,818536468981415936,Tom,11,10,
455,818307523543449600,Moose,13,10,
456,818259473185828864,Florence,12,10,
457,818145370475810820,Autumn,11,10,
458,817908911860748288,None,12,10,
459,817827839487737858,Buddy,13,10,
460,817777686764523521,Dido,13,10,doggo
461,817536400337801217,Eugene,12,10,
462,817502432452313088,Herschel,7,10,pupper
463,817423860136083457,Ken,13,10,
464,817415592588222464,Strudel,11,10,
465,817181837579653120,None,13,10,pupper
466,817171292965273600,Tebow,13,10,
467,817120970343411712,None,13,10,
468,817056546584727552,Chloe,11,10,
469,816829038950027264,Betty,12,10,puppo
470,816816676327063552,Timber,12,10,
471,816697700272001025,Binky,12,10,
472,816450570814898180,Moose,13,10,
473,816336735214911488,Dudley,11,10,
474,816091915477250048,Comet,12,10,
475,816062466425819140,Jack,11,10,
476,816014286006976512,Larry,11,10,
477,815990720817401858,Jack,11,10,
478,815966073409433600,None,13,10,pupper
479,815745968457060357,Levi,12,10,
480,815736392542261248,Akumi,11,10,
481,815639385530101762,Titan,12,10,
482,815390420867969024,None,13,10,
483,814986499976527872,Cooper,11,10,pupper
484,814638523311648768,Olivia,12,10,
485,814578408554463233,Beau,9,10,
486,814530161257443328,Alf,12,10,
487,814153002265309185,Oshie,12,10,
488,813944609378369540,Bruce,11,10,
489,813910438903693312,Chubbs,11,10,doggo
490,813812741911748608,Gary,14,10,
491,813800681631023104,Sky,12,10,
492,813217897535406080,Atlas,13,10,
493,813202720496779264,None,11,10,doggo
494,813187593374461952,None,13,10,
495,813172488309972993,Eleanor,12,10,
496,813157409116065792,Layla,12,10,
497,813142292504645637,None,13,10,
498,813130366689148928,None,12,10,
499,813127251579564032,None,11,10,doggo
500,813112105746448384,Toby,12,10,
501,813096984823349248,Rocky,11,10,doggo
502,813081950185472002,Baron,11,10,
503,813066809284972545,Tyr,12,10,
504,813051746834595840,Bauer,13,10,
505,812781120811126785,Swagger,10,10,
506,812747805718642688,Sammy,10,10,
507,812709060537683968,Brandi,12,10,
508,812503143955202048,None,13,10,
509,812466873996607488,Mary,12,10,
510,812372279581671427,Moe,13,10,
511,811985624773361665,Ted,11,10,
512,811744202451197953,Halo,13,10,
513,811647686436880384,None,11,10,
514,811627233043480576,Augie,10,10,
515,811386762094317568,Craig,11,10,pupper
516,810984652412424192,Sam,24,7,
517,810896069567610880,Hunter,11,10,
518,810657578271330305,Pavlov,11,10,
519,810284430598270976,Phil,13,10,
520,810254108431155201,Gus,12,10,
521,809920764300447744,None,10,10,
522,809808892968534016,Maximus,12,10,
523,809448704142938112,None,12,10,
524,809220051211603969,Kyro,12,10,
525,809084759137812480,Wallace,11,10,
526,808838249661788160,Ito,13,10,
527,808733504066486276,None,12,10,pupper
528,808501579447930884,Koda,12,10,
529,808344865868283904,Seamus,11,10,
530,808134635716833280,Milo,13,10,
531,808106460588765185,None,12,10,doggo
532,808001312164028416,Cooper,12,10,
533,807621403335917568,Ollie,14,10,pupper
534,807106840509214720,Stephan,13,10,
535,807059379405148160,Cali,12,10,
536,807010152071229440,Lennon,12,10,
537,806629075125202948,None,13,10,
538,806620845233815552,None,12,10,
539,806576416489959424,None,13,10,
540,806542213899489280,Waffles,11,10,
541,806242860592926720,Dave,12,10,
542,806219024703037440,incredibly,11,10,
543,805958939288408065,Penny,10,10,
544,805932879469572096,Major,12,10,
545,805826884734976000,Duke,12,10,
546,805823200554876929,Reginald,12,10,puppo
547,805520635690676224,Zeke,13,10,
548,805487436403003392,Sansa,12,10,
549,805207613751304193,Shooter,12,10,
550,804738756058218496,Django,12,10,
551,804475857670639616,None,13,10,
552,804413760345620481,Rusty,13,10,
553,804026241225523202,Bo,13,10,
554,803773340896923648,Diogi,12,10,puppo
555,803692223237865472,None,13,10,
556,803638050916102144,None,13,10,pupper
557,803380650405482500,Sonny,12,10,
558,803321560782307329,Philbert,11,10,
559,803276597545603072,Winston,11,10,
560,802952499103731712,Marley,12,10,
561,802624713319034886,None,12,10,
562,802600418706604034,Bailey,11,10,
563,802572683846291456,Winnie,12,10,
564,802323869084381190,Severus,13,10,
565,802265048156610565,None,11,10,doggo
566,802247111496568832,None,13,10,
567,802239329049477120,Loki,12,10,puppo
568,802185808107208704,None,13,10,
569,801958328846974976,Ronnie,12,10,
570,801854953262350336,None,11,10,
571,801538201127157760,Wallace,12,10,
572,801285448605831168,None,10,10,
573,801167903437357056,Milo,13,10,
574,801127390143516673,Anakin,11,10,doggo
575,801115127852503040,Bones,12,10,doggo
576,800859414831898624,None,11,10,doggo
577,800855607700029440,None,11,10,
578,800751577355128832,Mauve,12,10,
579,800513324630806528,Chef,11,10,
580,800459316964663297,None,12,10,pupper
581,800443802682937345,Sampson,11,10,pupper
582,800388270626521089,Doc,12,10,floofer
583,800188575492947969,Bo,11,10,pupper
584,800141422401830912,Peaches,13,10,
585,800018252395122689,None,11,10,doggo
586,799774291445383169,Tucker,13,10,
587,799757965289017345,Sobe,13,10,doggo
588,799422933579902976,Longfellow,12,10,
589,799308762079035393,None,14,10,
590,799297110730567681,Jeffrey,11,10,
591,799063482566066176,Mister,11,10,
592,798933969379225600,Iroh,12,10,
593,798925684722855936,Shadow,11,10,
594,798705661114773508,Baloo,11,10,pupper
595,798701998996647937,None,10,10,
596,798697898615730177,Stubert,10,10,
597,798694562394996736,None,12,10,
598,798686750113755136,Jack,11,10,
599,798682547630837760,None,8,10,pupper
600,798673117451325440,None,13,10,
601,798665375516884993,Lola,10,10,
602,798644042770751489,Paull,10,10,
603,798628517273620480,None,12,10,
604,798585098161549313,Timison,10,10,
605,798576900688019456,None,1,10,
606,798340744599797760,Davey,11,10,
607,798209839306514432,Cooper,13,10,
608,797971864723324932,None,12,10,pupper
609,797545162159308800,Cassie,12,10,
610,797236660651966464,Pancake,12,10,
611,797165961484890113,None,11,10,
612,796904159865868288,Tyrone,11,10,
613,796865951799083009,Tyr,12,10,
614,796759840936919040,Romeo,11,10,
615,796563435802726400,None,13,10,puppo
616,796484825502875648,None,12,10,doggo
617,796387464403357696,Snicku,12,10,
618,796177847564038144,Ruby,11,10,
619,796149749086875649,Ruby,11,10,
620,796125600683540480,None,13,10,
621,796116448414461957,None,11,10,
622,796080075804475393,Yogi,12,10,
623,796031486298386433,Daisy,13,10,
624,795464331001561088,None,13,10,doggo
625,795400264262053889,Brody,12,10,
626,795076730285391872,Bailey,11,10,
627,794983741416415232,Rizzy,12,10,
628,794926597468000259,Mack,12,10,
629,794355576146903043,Butter,12,10,
630,794332329137291264,Nimbus,12,10,
631,794205286408003585,Laika,14,10,pupper
632,793962221541933056,Maximus,12,10,
633,793845145112371200,Clark,13,10,
634,793614319594401792,None,13,10,
635,793601777308463104,Dobby,12,10,
636,793500921481273345,Fiona,12,10,
637,793286476301799424,Moreton,13,10,
638,793271401113350145,Dave,12,10,
639,793256262322548741,None,12,10,
640,793241302385262592,Tucker,13,10,
641,793226087023144960,Juno,11,10,
642,793210959003287553,Maude,10,10,
643,793195938047070209,Lily,12,10,puppo
644,793180763617361921,Newt,11,10,
645,793165685325201412,Benji,12,10,
646,793150605191548928,Nida,11,10,
647,793135492858580992,None,13,10,
648,793120401413079041,Robin,11,10,
649,792913359805018113,a,13,10,
650,792883833364439040,Bailey,12,10,
651,792773781206999040,Monster,12,10,
652,792394556390137856,BeBe,12,10,
653,792050063153438720,Remus,11,10,
654,791821351946420224,None,13,10,pupper
655,791784077045166082,None,12,10,
656,791780927877898241,Maddie,11,10,
657,791774931465953280,None,14,10,
658,791672322847637504,None,13,10,
659,791406955684368384,Levi,12,10,
660,791312159183634433,Mabel,12,10,
661,791026214425268224,Alfie,11,10,
662,790987426131050500,Misty,12,10,
663,790946055508652032,Betty,12,10,puppo
664,790723298204217344,Happy,12,10,
665,790698755171364864,Mosby,12,10,
666,790581949425475584,Duke,11,10,
667,790337589677002753,Maggie,12,10,
668,790277117346975746,Bruce,11,10,
669,790227638568808452,Leela,11,10,
670,789986466051088384,Happy,12,10,
671,789960241177853952,Buddy,12,10,
672,789903600034189313,Ralphy,13,10,pupper
673,789628658055020548,Eli,13,10,
674,789599242079838210,Brownie,12,10,
675,789530877013393408,Rizzy,12,10,
676,789314372632018944,None,13,10,
677,789280767834746880,Meyer,12,10,
678,789268448748703744,Stella,10,10,
679,789137962068021249,Bo,12,10,
680,788908386943430656,Lucy,11,10,
681,788765914992902144,Butter,12,10,
682,788552643979468800,mad,13,10,pupper
683,788412144018661376,Dexter,11,10,
684,788178268662984705,None,13,10,
685,788150585577050112,Leo,13,10,
686,788070120937619456,Bo,11,10,
687,788039637453406209,None,12,10,
688,787810552592695296,Frank,11,10,
689,787717603741622272,Tonks,13,10,puppo
690,787397959788929025,Moose,11,10,
691,787322443945877504,Lincoln,10,10,
692,787111942498508800,Carl,12,10,
693,786963064373534720,Rory,12,10,
694,786729988674449408,Oakley,11,10,
695,786709082849828864,Logan,75,10,
696,786664955043049472,None,12,10,
697,786595970293370880,Dale,11,10,
698,786363235746385920,Rizzo,13,10,doggo
699,786286427768250368,Arnie,12,10,
700,786233965241827333,Mattie,11,10,
701,786051337297522688,None,13,10,puppo
702,786036967502913536,Scout,11,10,
703,785927819176054784,Lucy,12,10,
704,785872687017132033,Rusty,12,10,
705,785639753186217984,Pinot,10,10,doggo
706,785533386513321988,Dallas,11,10,
707,785515384317313025,None,10,10,
708,785264754247995392,Doc,12,10,
709,785170936622350336,Hero,11,10,
710,784826020293709826,Rusty,13,10,
711,784517518371221505,Frankie,11,10,
712,784431430411685888,Stormy,12,10,
713,784183165795655680,Reginald,12,10,puppo
714,784057939640352768,Balto,12,10,
715,783839966405230592,Riley,13,10,
716,783821107061198850,Mairi,12,10,
717,783695101801398276,Loomis,12,10,
718,783466772167098368,Finn,11,10,
719,783391753726550016,Godi,13,10,
720,783347506784731136,Kenny,11,10,
721,783334639985389568,Dave,12,10,
722,783085703974514689,Earl,11,10,
723,782969140009107456,Cali,12,10,
724,782747134529531904,Deacon,11,10,doggo
725,782722598790725632,Penny,10,10,
726,782598640137187329,Timmy,11,10,
727,782305867769217024,Sampson,12,10,doggo
728,782021823840026624,Harper,12,10,
729,781955203444699136,Chipson,11,10,
730,781661882474196992,None,5,10,
731,781655249211752448,Combo,11,10,doggo
732,781524693396357120,None,12,10,
733,781308096455073793,None,12,10,doggo
734,781251288990355457,Oakley,11,10,
735,781163403222056960,None,10,10,
736,780931614150983680,None,13,10,puppo
737,780858289093574656,Dash,10,10,
738,780800785462489090,Koda,11,10,
739,780601303617732608,Hercules,12,10,
740,780543529827336192,None,12,10,
741,780496263422808064,Bell,12,10,
742,780476555013349377,None,12,10,
743,780459368902959104,Bear,11,10,
744,780192070812196864,None,11,10,
745,780092040432480260,Hank,8,10,
746,780074436359819264,None,10,10,doggo
747,779834332596887552,Scout,11,10,
748,779377524342161408,None,12,10,pupper
749,779124354206535695,Hurley,11,10,
750,779123168116150273,Reggie,12,10,
751,779056095788752897,None,13,10,
752,778990705243029504,Jay,11,10,
753,778774459159379968,None,13,10,
754,778764940568104960,None,13,10,
755,778748913645780993,Mya,11,10,
756,778650543019483137,Strider,10,10,
757,778624900596654080,Penny,11,10,
758,778408200802557953,None,14,10,
759,778396591732486144,an,10,10,
760,778383385161035776,Nala,13,10,
761,778286810187399168,Stanley,11,10,
762,778039087836069888,None,12,10,pupper
763,778027034220126208,Sophie,27,10,pupper
764,777953400541634568,Gerald,8,10,doggo
765,777885040357281792,Wesley,3,10,
766,777684233540206592,None,12,10,
767,777641927919427584,Arnie,12,10,
768,777621514455814149,Derek,12,10,
769,777189768882946048,Jeffrey,12,10,
770,776819012571455488,None,13,10,pupper
771,776813020089548800,Solomon,12,10,
772,776477788987613185,Huck,11,10,pupper
773,776249906839351296,very,11,10,
774,776218204058357768,None,13,10,floofer
775,776201521193218049,O,10,10,
776,776113305656188928,Sampson,11,10,pupper
777,776088319444877312,None,10,10,
778,775898661951791106,None,12,10,doggo
779,775842724423557120,Blue,12,10,
780,775733305207554048,Anakin,11,10,doggo
781,775729183532220416,None,13,10,
782,775364825476165632,Finley,11,10,doggo
783,775350846108426240,Maximus,12,10,
784,775096608509886464,None,9,11,
785,775085132600442880,Tucker,13,10,
786,774757898236878852,Finley,12,10,
787,774639387460112384,Sprinkles,10,10,
788,774314403806253056,None,14,10,
789,773985732834758656,Winnie,11,10,pupper
790,773922284943896577,Heinrich,12,10,
791,773704687002451968,Loki,12,10,
792,773670353721753600,Shakespeare,10,10,
793,773547596996571136,Chelsea,11,10,pupper
794,773336787167145985,Fizz,11,10,
795,773308824254029826,Bungalo,12,10,
796,773247561583001600,Chip,10,10,
797,773191612633579521,Grey,12,10,
798,772877495989305348,None,11,10,
799,772826264096874500,Roosevelt,11,10,
800,772615324260794368,Gromit,10,10,
801,772581559778025472,a,10,10,
802,772193107915964416,Willem,12,10,pupper
803,772152991789019136,None,10,10,
804,772117678702071809,Jack,12,10,
805,772114945936949249,Finn,10,10,
806,772102971039580160,Penny,11,10,
807,771908950375665664,None,13,10,doggo
808,771770456517009408,Davey,11,10,
809,771500966810099713,Dakota,12,10,
810,771380798096281600,Fizz,11,10,
811,771171053431250945,Frankie,11,10,
812,771136648247640064,Dixie,11,10,
813,771102124360998913,Charlie,12,10,
814,771014301343748096,None,7,10,
815,771004394259247104,None,12,10,pupper
816,770787852854652928,Winston,10,10,
817,770772759874076672,Sebastian,11,10,
818,770743923962707968,None,13,10,doggo
819,770655142660169732,very,11,10,
820,770414278348247044,Al,11,10,
821,770293558247038976,Jackson,10,10,
822,770093767776997377,just,12,10,doggo
823,770069151037685760,Carbon,10,10,
824,769940425801170949,Klein,12,10,
825,769695466921623552,Titan,13,10,
826,769335591808995329,None,13,10,
827,769212283578875904,DonDon,12,10,
828,768970937022709760,Kirby,12,10,
829,768909767477751808,None,10,10,pupper
830,768855141948723200,Jesse,11,10,
831,768609597686943744,Lou,10,10,
832,768596291618299904,Oakley,12,10,
833,768554158521745409,Nollie,12,10,
834,768473857036525572,Chevy,11,10,
835,768193404517830656,Gerald,8,10,doggo
836,767884188863397888,Tito,10,10,
837,767754930266464257,Philbert,11,10,
838,767500508068192258,Louie,12,10,
839,767191397493538821,None,13,10,doggo
840,767122157629476866,Rupert,13,10,
841,766864461642756096,None,10,10,
842,766793450729734144,Rufus,10,10,
843,766714921925144576,None,13,10,
844,766693177336135680,Brudge,11,10,
845,766423258543644672,Shadoe,9,10,
846,766313316352462849,Oscar,12,10,
847,766078092750233600,Colby,12,10,
848,766069199026450432,Juno,12,10,
849,766008592277377025,Angel,11,10,
850,765719909049503744,Brat,12,10,
851,765669560888528897,Tove,12,10,
852,765395769549590528,my,13,10,
853,765371061932261376,Louie,11,10,pupper
854,765222098633691136,Gromit,10,10,
855,764857477905154048,Aubie,12,10,
856,764259802650378240,Kota,10,10,
857,763956972077010945,None,12,10,doggo
858,763837565564780549,Alfie,11,10,
859,763183847194451968,Clark,8,10,
860,763167063695355904,Eve,8,10,pupper
861,763103485927849985,Belle,10,10,
862,762699858130116608,Leela,11,10,
863,762471784394268675,Glenn,12,10,
864,762464539388485633,Buddy,12,10,
865,762316489655476224,Scout,11,10,
866,762035686371364864,None,14,10,
867,761976711479193600,Shelby,12,10,
868,761750502866649088,None,10,10,
869,761745352076779520,None,11,10,
870,761672994376806400,None,10,10,
871,761599872357261312,Sephie,11,10,
872,761371037149827077,None,13,10,
873,761334018830917632,Bruce,10,10,
874,761292947749015552,Bonaparte,11,10,
875,761227390836215808,Albert,10,10,
876,761004547850530816,Bo,11,10,
877,760893934457552897,Wishes,11,10,doggo
878,760656994973933572,Rose,11,10,
879,760641137271070720,Theo,12,10,
880,760539183865880579,Atlas,12,10,
881,760521673607086080,None,12,10,doggo
882,760290219849637889,Rocco,13,10,
883,760252756032651264,Fido,4,10,
884,760190180481531904,Sadie,10,10,
885,760153949710192640,None,11,10,
886,759943073749200896,None,12,10,pupper
887,759923798737051648,None,10,10,
888,759846353224826880,Kirby,11,10,
889,759793422261743616,Maggie,12,10,doggo
890,759566828574212096,None,10,10,
891,759557299618865152,Emma,10,10,
892,759447681597108224,Oakley,11,10,
893,759446261539934208,None,10,10,
894,759197388317847553,Luna,12,10,
895,759159934323924993,None,11,10,
896,759099523532779520,Toby,7,10,
897,759047813560868866,Spencer,11,10,
898,758854675097526272,Lilli,11,10,
899,758828659922702336,None,13,10,doggo
900,758740312047005698,Boston,12,10,
901,758474966123810816,Brandonald,11,10,
902,758467244762497024,None,165,150,
903,758405701903519748,Odie,10,10,
904,758355060040593408,Corey,11,10,
905,758099635764359168,None,13,10,
906,758041019896193024,None,9,10,
907,757741869644341248,Leonard,10,10,
908,757729163776290825,Chompsky,11,10,
909,757725642876129280,Beckham,11,10,
910,757611664640446465,Cooper,12,10,
911,757597904299253760,None,11,10,pupper
912,757596066325864448,None,4,10,
913,757400162377592832,None,13,10,
914,757393109802180609,None,10,10,doggo
915,757354760399941633,Devón,8,10,
916,756998049151549440,Oliver,11,10,
917,756939218950160384,Jax,12,10,pupper
918,756651752796094464,Gert,11,10,
919,756526248105566208,None,13,10,doggo
920,756303284449767430,None,11,10,
921,756288534030475264,None,12,10,
922,756275833623502848,None,10,10,puppo
923,755955933503782912,None,12,10,pupper
924,755206590534418437,one,14,10,doggo
925,755110668769038337,Watson,13,10,
926,754874841593970688,Rubio,11,10,
927,754856583969079297,Winnie,11,10,
928,754747087846248448,Keith,12,10,
929,754482103782404096,Milo,10,10,
930,754449512966619136,Dex,11,10,
931,754120377874386944,None,10,10,
932,754011816964026368,Charlie,12,10,
933,753655901052166144,None,10,10,
934,753420520834629632,None,11,10,
935,753398408988139520,Scout,12,10,
936,753375668877008896,Hank,8,10,
937,753298634498793472,Carly,12,10,
938,753294487569522689,Ace,11,10,
939,753039830821511168,None,13,10,
940,753026973505581056,Tayzie,10,10,
941,752932432744185856,Carl,12,10,
942,752917284578922496,Grizzie,11,10,
943,752701944171524096,None,11,10,
944,752682090207055872,None,10,10,doggo
945,752660715232722944,None,10,10,doggo
946,752568224206688256,None,9,10,
947,752519690950500352,None,11,10,puppo
948,752334515931054080,None,8,10,doggo
949,752309394570878976,None,13,10,
950,752173152931807232,Brody,12,10,
951,751950017322246144,Lola,13,10,pupper
952,751937170840121344,Ruby,11,10,
953,751830394383790080,Tucker,12,10,
954,751793661361422336,Fred,11,10,
955,751598357617971201,Toby,13,10,
956,751583847268179968,None,5,10,doggo
957,751538714308972544,Max,10,10,
958,751456908746354688,None,12,10,pupper
959,751251247299190784,Gilbert,10,10,
960,751205363882532864,None,12,10,
961,751132876104687617,Cooper,10,10,puppo
962,750868782890057730,Milo,11,10,pupper
963,750719632563142656,Meyer,12,10,
964,750506206503038976,Malcolm,8,10,pupper
965,750429297815552001,Arnie,12,10,
966,750383411068534784,Zoe,9,10,pupper
967,750381685133418496,None,13,10,doggo
968,750147208377409536,None,13,10,
969,750132105863102464,Stewie,11,10,
970,750117059602808832,Calvin,10,10,
971,750101899009982464,Lilah,11,10,
972,750086836815486976,Spanky,12,10,
973,750071704093859840,None,10,10,pupper
974,750056684286914561,Jameson,11,10,
975,750041628174217216,Beau,13,10,
976,750026558547456000,Jax,10,10,
977,750011400160841729,Piper,11,10,doggo
978,749996283729883136,Bo,12,10,
979,749981277374128128,Atticus,1776,10,
980,749774190421639168,Lucy,12,10,
981,749417653287129088,Finn,11,10,pupper
982,749403093750648834,None,10,10,
983,749395845976588288,George,10,10,
984,749317047558017024,Blu,12,10,floofer
985,749075273010798592,Boomer,11,10,doggo
986,749064354620928000,Winston,11,10,
987,749036806121881602,Dietrich,8,10,
988,748977405889503236,not,10,10,
989,748932637671223296,Divine,13,10,doggo
990,748705597323898880,None,13,10,
991,748699167502000129,Tripp,11,10,
992,748692773788876800,his,10,10,doggo
993,748575535303884801,one,6,10,
994,748568946752774144,Cora,12,10,
995,748346686624440324,None,10,10,
996,748337862848962560,None,13,10,pupper
997,748324050481647620,Duke,11,10,
998,748307329658011649,None,7,10,
999,748220828303695873,None,13,10,
1000,747963614829678593,None,10,10,pupper
1001,747933425676525569,None,11,10,
1002,747885874273214464,a,8,10,
1003,747844099428986880,Huxley,11,10,
1004,747816857231626240,a,4,10,
1005,747651430853525504,None,12,10,pupper
1006,747648653817413632,Keurig,12,10,
1007,747600769478692864,Bookstore,10,10,
1008,747594051852075008,None,11,10,
1009,747512671126323200,None,10,10,
1010,747461612269887489,None,10,10,
1011,747439450712596480,Linus,12,10,
1012,747242308580548608,None,13,10,pupper
1013,747219827526344708,Atticus,11,10,
1014,747204161125646336,Clark,10,10,
1015,747103485104099331,None,11,10,
1016,746906459439529985,None,0,10,
1017,746872823977771008,a,11,10,
1018,746818907684614144,None,13,10,
1019,746790600704425984,None,10,10,
1020,746757706116112384,Maddie,11,10,
1021,746726898085036033,Abby,12,10,
1022,746542875601690625,None,11,10,floofer
1023,746521445350707200,Shaggy,10,10,
1024,746507379341139972,Shiloh,10,10,
1025,746369468511756288,an,9,10,
1026,746131877086527488,Gustav,10,10,
1027,746056683365994496,Arlen,11,10,
1028,745789745784041472,Gus,10,10,
1029,745712589599014916,Percy,7,10,
1030,745433870967832576,Lenox,10,10,doggo
1031,745422732645535745,very,9,10,
1032,745314880350101504,Sugar,12,10,
1033,745074613265149952,Jeffrey,11,10,
1034,745057283344719872,Oliver,12,10,
1035,744995568523612160,Abby,9,10,puppo
1036,744971049620602880,Indie,12,10,
1037,744709971296780288,Harvey,10,10,
1038,744334592493166593,Blanket,11,10,
1039,744234799360020481,None,13,10,doggo
1040,744223424764059648,actually,12,10,pupper
1041,743980027717509120,Geno,11,10,
1042,743895849529389061,None,10,10,
1043,743835915802583040,None,10,10,
1044,743609206067040256,Stark,10,10,
1045,743595368194129920,Harold,7,10,
1046,743545585370791937,Bentley,11,10,
1047,743510151680958465,Beya,13,10,
1048,743253157753532416,Kilo,10,10,puppo
1049,743222593470234624,a,12,10,pupper
1050,743210557239623680,Kayla,10,10,
1051,742534281772302336,None,11,10,doggo
1052,742528092657332225,Maxaroni,10,10,
1053,742465774154047488,None,14,10,pupper
1054,742423170473463808,Bell,12,10,
1055,742385895052087300,Phil,11,10,
1056,742161199639494656,Doug,12,10,
1057,742150209887731712,Edmund,8,10,pupper
1058,741793263812808706,None,10,10,
1059,741743634094141440,Aqua,11,10,pupper
1060,741438259667034112,Tucker,9,10,
1061,741303864243200000,Theodore,12,10,
1062,741099773336379392,Ted,11,10,
1063,741067306818797568,just,12,10,doggo
1064,740995100998766593,Leo,10,10,
1065,740711788199743490,None,9,10,
1066,740699697422163968,Chip,8,10,
1067,740676976021798912,Baloo,11,10,pupper
1068,740373189193256964,None,9,11,
1069,740365076218183684,None,10,10,
1070,740359016048689152,Chase,9,10,
1071,740214038584557568,getting,10,10,
1072,739979191639244800,Nollie,12,10,
1073,739932936087216128,Rorie,10,10,
1074,739844404073074688,Simba,12,10,
1075,739623569819336705,None,12,10,doggo
1076,739606147276148736,Benji,9,10,pupper
1077,739544079319588864,None,10,10,
1078,739485634323156992,Kyle,6,10,
1079,739238157791694849,None,13,10,doggo
1080,738891149612572673,None,13,10,
1081,738885046782832640,Charles,11,10,
1082,738883359779196928,None,10,10,
1083,738537504001953792,Bayley,11,10,puppo
1084,738402415918125056,None,10,10,
1085,738184450748633089,None,9,10,
1086,738166403467907072,Axel,12,10,
1087,738156290900254721,Storkson,10,10,
1088,737826014890496000,Remy,10,10,
1089,737800304142471168,Bella,10,10,
1090,737678689543020544,None,11,10,
1091,737445876994609152,None,13,10,floofer
1092,737322739594330112,Lily,9,10,
1093,737310737551491075,None,13,10,
1094,736736130620620800,Chadrick,13,10,
1095,736392552031657984,mad,13,10,pupper
1096,736365877722001409,Rory,11,10,pupper
1097,736225175608430592,very,10,10,
1098,736010884653420544,None,10,10,
1099,735991953473572864,Maxaroni,11,10,
1100,735648611367784448,None,12,10,pupper
1101,735635087207878657,Dakota,11,10,
1102,735274964362878976,None,11,10,
1103,735256018284875776,Kellogg,8,10,doggo
1104,735137028879360001,Buckley,9,10,pupper
1105,734912297295085568,Jax,10,10,
1106,734787690684657664,None,13,10,
1107,734776360183431168,Livvie,11,10,
1108,734559631394082816,None,10,10,
1109,733828123016450049,Terry,10,10,
1110,733822306246479872,Moose,10,10,floofer
1111,733482008106668032,None,10,10,
1112,733460102733135873,Hermione,11,10,
1113,733109485275860992,None,12,10,doggo
1114,732732193018155009,Ralpher,12,10,
1115,732726085725589504,Aldrick,11,10,
1116,732585889486888962,None,10,10,
1117,732375214819057664,Kyle,11,10,doggo
1118,732005617171337216,Larry,11,10,
1119,731285275100512256,Solomon,12,10,
1120,731156023742988288,this,204,170,
1121,730924654643314689,unacceptable,9,10,
1122,730573383004487680,Rooney,10,10,pupper
1123,730427201120833536,Crystal,11,10,
1124,730211855403241472,Ziva,11,10,
1125,730196704625098752,Charles,6,10,
1126,729854734790754305,Ollie,11,10,
1127,729838605770891264,None,12,10,
1128,729823566028484608,Stefan,13,10,
1129,729463711119904772,Pupcasso,13,10,
1130,729113531270991872,None,10,10,
1131,728986383096946689,Puff,11,10,
1132,728760639972315136,None,13,10,
1133,728751179681943552,Flurpson,10,10,
1134,728653952833728512,Coleman,8,10,
1135,728409960103686147,Wallace,10,10,
1136,728387165835677696,Enchilada,12,10,
1137,728046963732717569,Raymond,11,10,
1138,728035342121635841,all,12,10,pupper
1139,728015554473250816,Rueben,11,10,pupper
1140,727685679342333952,Cilantro,12,10,
1141,727644517743104000,None,13,10,doggo
1142,727524757080539137,None,10,10,pupper
1143,727314416056803329,None,11,10,pupper
1144,727286334147182592,None,9,10,
1145,727175381690781696,Karll,10,10,
1146,727155742655025152,None,11,10,
1147,726935089318363137,Sprout,12,10,
1148,726887082820554753,Blitz,10,10,
1149,726828223124897792,Bloop,12,10,
1150,726224900189511680,None,9,10,
1151,725842289046749185,Colby,12,10,
1152,725786712245440512,Lillie,11,10,pupper
1153,725729321944506368,Lola,12,10,
1154,725458796924002305,None,13,10,
1155,724983749226668032,Fred,12,10,
1156,724771698126512129,None,11,10,doggo
1157,724405726123311104,Ashleigh,10,10,pupper
1158,724049859469295616,Kreggory,10,10,
1159,724046343203856385,Sarge,10,10,
1160,724004602748780546,Luther,11,10,pupper
1161,723912936180330496,Sugar,12,10,
1162,723688335806480385,Reginald,12,10,
1163,723673163800948736,Ivar,10,10,
1164,723179728551723008,Jangle,8,10,
1165,722974582966214656,None,4,20,
1166,722613351520608256,Schnitzel,12,10,
1167,721503162398597120,Panda,11,10,
1168,721001180231503872,Oliver,11,10,pupper
1169,720785406564900865,Archie,12,10,
1170,720775346191278080,Berkeley,10,10,
1171,720415127506415616,None,10,10,
1172,720389942216527872,Ralphé,11,10,
1173,720340705894408192,Derek,10,10,pupper
1174,720059472081784833,Charleson,9,10,
1175,720043174954147842,Neptune,11,10,
1176,719991154352222208,None,10,10,doggo
1177,719704490224398336,Clyde,12,10,pupper
1178,719551379208073216,Harnold,10,10,
1179,719367763014393856,Sid,11,10,
1180,719339463458033665,Lucy,10,10,
1181,719332531645071360,Pippa,11,10,
1182,718971898235854848,Sadie,10,10,
1183,718939241951195136,Otis,12,10,
1184,718631497683582976,None,10,10,
1185,718613305783398402,Carper,11,10,
1186,718540630683709445,None,10,10,
1187,718460005985447936,Bowie,9,10,
1188,718454725339934721,None,13,10,
1189,718246886998687744,Alexanderson,3,10,
1190,718234618122661888,Suki,11,10,
1191,717841801130979328,Barclay,11,10,
1192,717790033953034240,None,10,10,pupper
1193,717537687239008257,a,11,10,
1194,717428917016076293,Skittle,11,10,
1195,717421804990701568,Ebby,9,10,
1196,717047459982213120,Flávio,12,10,
1197,717009362452090881,Smokey,10,10,pupper
1198,716802964044845056,Link,10,10,
1199,716791146589110272,Jennifur,11,10,
1200,716730379797970944,None,12,10,
1201,716447146686459905,Ozzy,13,10,pupper
1202,716439118184652801,Bluebert,50,50,
1203,716285507865542656,Stephanus,12,10,
1204,716080869887381504,None,11,10,doggo
1205,715928423106027520,Bubbles,11,10,
1206,715758151270801409,old,13,10,
1207,715733265223708672,a,10,10,
1208,715704790270025728,Bentley,11,10,
1209,715696743237730304,Toby,10,10,
1210,715680795826982913,Zeus,12,10,
1211,715360349751484417,Bertson,11,10,
1212,715342466308784130,Oscar,10,10,
1213,715220193576927233,Nico,10,10,
1214,715200624753819648,Michelangelope,12,10,
1215,715009755312439296,Siba,12,10,
1216,714982300363173890,Calbert,9,10,
1217,714962719905021952,None,12,10,
1218,714957620017307648,Curtis,10,10,
1219,714631576617938945,Benedict,4,10,
1220,714606013974974464,None,12,10,
1221,714485234495041536,Blitz,10,10,
1222,714258258790387713,Travis,10,10,
1223,714251586676113411,Thumas,8,10,
1224,714214115368108032,None,13,10,
1225,714141408463036416,None,10,10,
1226,713919462244790272,Kanu,12,10,
1227,713909862279876608,Doug,12,10,
1228,713900603437621249,None,99,90,
1229,713761197720473600,Piper,12,10,
1230,713411074226274305,None,11,10,
1231,713177543487135744,Lance,10,10,
1232,713175907180089344,Opie,10,10,
1233,712809025985978368,Stubert,10,10,
1234,712717840512598017,None,10,10,
1235,712668654853337088,Sunny,10,10,
1236,712438159032893441,Kane,11,10,
1237,712309440758808576,None,12,10,pupper
1238,712097430750289920,None,10,10,
1239,712092745624633345,Steven,7,10,
1240,712085617388212225,Olive,11,10,
1241,712065007010385924,Chester,6,10,
1242,711998809858043904,None,12,10,
1243,711968124745228288,Winston,10,10,pupper
1244,711743778164514816,Roosevelt,11,10,
1245,711732680602345472,None,10,10,
1246,711694788429553666,None,13,10,
1247,711652651650457602,Gary,9,10,
1248,711363825979756544,None,11,10,
1249,711306686208872448,None,3,10,
1250,711008018775851008,Chuckles,11,10,pupper
1251,710997087345876993,Milo,12,10,
1252,710844581445812225,Staniel,10,10,
1253,710833117892898816,Sora,12,10,
1254,710658690886586372,None,80,80,
1255,710609963652087808,None,12,10,
1256,710588934686908417,Beemo,12,10,
1257,710296729921429505,Oshie,12,10,
1258,710283270106132480,Gunner,11,10,
1259,710272297844797440,infuriating,11,10,
1260,710269109699739648,None,13,10,
1261,710153181850935296,Lacy,11,10,
1262,710140971284037632,Tater,8,10,
1263,710117014656950272,None,11,10,pupper
1264,709918798883774466,Watson,12,10,
1265,709901256215666688,None,12,10,
1266,709852847387627521,None,12,10,
1267,709566166965075968,Olaf,12,10,
1268,709556954897764353,Cecil,12,10,
1269,709519240576036864,Vince,9,10,
1270,709449600415961088,Karma,10,10,
1271,709409458133323776,Billy,8,10,
1272,709225125749587968,Walker,11,10,
1273,709207347839836162,Penny,11,10,
1274,709198395643068416,None,45,50,
1275,709179584944730112,Sammy,13,10,
1276,709158332880297985,Rodney,10,10,
1277,709042156699303936,Klevin,9,10,
1278,708853462201716736,Lucy,8,10,
1279,708845821941387268,None,9,10,pupper
1280,708834316713893888,Malikai,10,10,
1281,708810915978854401,Mister,10,10,
1282,708738143638450176,Coco,11,10,
1283,708711088997666817,Smokey,11,10,
1284,708479650088034305,Bear,13,10,
1285,708469915515297792,Bobble,11,10,
1286,708400866336894977,None,12,10,
1287,708356463048204288,Oliver,10,10,
1288,708349470027751425,River,11,10,
1289,708149363256774660,Jebberson,10,10,
1290,708130923141795840,None,11,10,
1291,708119489313951744,Cooper,9,10,
1292,708109389455101952,Remington,10,10,
1293,708026248782585858,None,13,10,
1294,707995814724026368,Farfle,12,10,
1295,707983188426153984,None,12,10,
1296,707969809498152960,Rufus,11,10,
1297,707776935007539200,Sadie,11,10,
1298,707741517457260545,None,10,10,
1299,707738799544082433,None,12,10,
1300,707693576495472641,Jiminus,7,10,
1301,707629649552134146,None,10,10,
1302,707610948723478529,Harper,12,10,
1303,707420581654872064,Keurig,4,10,
1304,707411934438625280,None,11,10,pupper
1305,707387676719185920,Clarkus,10,10,
1306,707377100785885184,None,9,10,
1307,707315916783140866,Finnegus,10,10,pupper
1308,707297311098011648,Cassie,10,10,
1309,707059547140169728,Cupcake,11,10,
1310,707038192327901184,Kathmandu,10,10,
1311,707021089608753152,Tucker,12,10,
1312,707014260413456384,Ellie,11,10,
1313,706904523814649856,None,13,10,
1314,706901761596989440,Elliot,3,10,
1315,706681918348251136,Katie,12,10,
1316,706644897839910912,Shadow,9,10,
1317,706593038911545345,None,10,10,
1318,706538006853918722,Oliver,11,10,
1319,706516534877929472,None,12,10,
1320,706346369204748288,Koda,12,10,
1321,706310011488698368,None,12,10,pupper
1322,706291001778950144,None,11,10,
1323,706265994973601792,Kara,11,10,
1324,706169069255446529,None,12,10,
1325,706166467411222528,Dexter,7,10,
1326,706153300320784384,Layla,13,10,
1327,705975130514706432,Adele,10,10,pupper
1328,705970349788291072,Lucy,12,10,
1329,705898680587526145,Max,10,10,
1330,705786532653883392,None,11,10,pupper
1331,705591895322394625,None,11,10,
1332,705475953783398401,Zara,12,10,
1333,705442520700944385,Cooper,12,10,
1334,705428427625635840,Ambrose,11,10,pupper
1335,705239209544720384,Jimothy,11,10,
1336,705223444686888960,Bode,9,10,
1337,705102439679201280,Terrenth,10,10,
1338,705066031337840642,Reese,12,10,
1339,704871453724954624,None,12,10,
1340,704859558691414016,a,10,10,pupper
1341,704847917308362754,None,12,10,
1342,704819833553219584,Chesterson,7,10,
1343,704761120771465216,None,13,10,pupper
1344,704499785726889984,None,12,10,
1345,704491224099647488,None,13,10,
1346,704480331685040129,Lucia,11,10,
1347,704364645503647744,Bisquick,12,10,
1348,704347321748819968,Ralphson,10,10,pupper
1349,704134088924532736,None,12,10,pupper
1350,704113298707505153,Stanley,8,10,
1351,704054845121142784,a,60,50,
1352,703774238772166656,None,10,10,
1353,703769065844768768,None,10,10,
1354,703631701117943808,Bella,11,10,
1355,703611486317502464,Scooter,10,10,pupper
1356,703425003149250560,None,9,10,
1357,703407252292673536,None,10,10,pupper
1358,703382836347330562,Charlie,12,10,
1359,703356393781329922,Socks,9,10,
1360,703268521220972544,None,12,10,pupper
1361,703079050210877440,a,11,10,
1362,703041949650034688,an,10,10,
1363,702932127499816960,Chip,6,10,
1364,702899151802126337,Luna,12,10,
1365,702684942141153280,Lucy,11,10,
1366,702671118226825216,Rambo,10,10,
1367,702598099714314240,Sansa,11,10,pupper
1368,702539513671897089,a,12,10,
1369,702332542343577600,Rudy,13,10,
1370,702321140488925184,None,12,10,
1371,702276748847800320,None,11,10,
1372,702217446468493312,None,9,10,
1373,701981390485725185,Fiji,12,10,
1374,701952816642965504,Rilo,11,10,
1375,701889187134500865,Bilbo,11,10,
1376,701805642395348998,None,11,10,pupper
1377,701601587219795968,Coopson,10,10,
1378,701570477911896070,Yoda,9,10,
1379,701545186879471618,Millie,10,10,pupper
1380,701214700881756160,None,12,10,
1381,700890391244103680,Chet,11,10,
1382,700864154249383937,a,12,10,pupper
1383,700847567345688576,Crouton,10,10,
1384,700796979434098688,Daniel,7,10,
1385,700747788515020802,very,11,10,
1386,700518061187723268,Vincent,10,10,
1387,700505138482569216,Kaia,12,10,
1388,700462010979500032,Murphy,6,10,
1389,700167517596164096,Dotsy,10,10,
1390,700151421916807169,None,11,10,pupper
1391,700143752053182464,None,10,10,pupper
1392,700062718104104960,Eazy,6,10,
1393,700029284593901568,Coops,10,10,
1394,700002074055016451,Thumas,9,10,
1395,699801817392291840,Cooper,11,10,pupper
1396,699788877217865730,Nala,12,10,
1397,699779630832685056,None,10,10,
1398,699775878809702401,Fillup,11,10,
1399,699691744225525762,Dave,5,10,
1400,699446877801091073,Archie,12,10,
1401,699434518667751424,None,12,10,pupper
1402,699423671849451520,None,10,10,
1403,699413908797464576,Miley,11,10,
1404,699370870310113280,Calbert,11,10,
1405,699323444782047232,None,10,10,
1406,699088579889332224,Charl,3,10,
1407,699079609774645248,Reagan,8,10,
1408,699072405256409088,None,12,10,
1409,699060279947165696,Yukon,12,10,
1410,699036661657767936,None,13,10,pupper
1411,698989035503689728,Oliver,13,10,
1412,698953797952008193,CeCe,11,10,
1413,698907974262222848,None,10,10,
1414,698710712454139905,Cuddles,10,10,
1415,698703483621523456,Rusty,7,10,
1416,698635131305795584,None,12,10,
1417,698549713696649216,Claude,9,10,
1418,698355670425473025,Jessiga,10,10,
1419,698342080612007937,Maximus,11,10,
1420,698262614669991936,Franklin,11,10,
1421,698195409219559425,Beau,9,10,
1422,698178924120031232,Lily,10,10,
1423,697995514407682048,None,11,10,
1424,697990423684476929,Doug,11,10,
1425,697943111201378304,Cassie,10,10,
1426,697881462549430272,Carter,10,10,
1427,697630435728322560,None,8,10,
1428,697616773278015490,None,11,10,pupper
1429,697596423848730625,None,11,10,pupper
1430,697575480820686848,Ole,8,10,
1431,697516214579523584,Pherb,9,10,
1432,697482927769255936,Blipson,11,10,
1433,697463031882764288,None,44,40,
1434,697270446429966336,Bentley,10,10,
1435,697259378236399616,getting,8,10,
1436,697255105972801536,Charlie,10,10,
1437,697242256848379904,Oakley,10,10,
1438,696900204696625153,Rosie,12,10,
1439,696894894812565505,None,9,10,
1440,696886256886657024,None,12,10,
1441,696877980375769088,Misty,9,10,pupper
1442,696754882863349760,Reptar,10,10,
1443,696744641916489729,Klevin,10,10,
1444,696713835009417216,Trevith,9,10,pupper
1445,696518437233913856,None,10,10,pupper
1446,696490539101908992,None,1,10,
1447,696488710901260288,None,12,10,
1448,696405997980676096,Berb,7,10,
1449,696100768806522880,None,10,10,pupper
1450,695816827381944320,None,11,10,
1451,695794761660297217,Wyatt,13,10,
1452,695767669421768709,None,13,10,
1453,695629776980148225,Calvin,8,10,
1454,695446424020918272,None,12,10,
1455,695409464418041856,Bob,10,10,
1456,695314793360662529,Colin,10,10,
1457,695095422348574720,just,12,10,pupper
1458,695074328191332352,Lorenzo,11,10,pupper
1459,695064344191721472,None,4,10,
1460,695051054296211456,Brian,6,10,
1461,694925794720792577,None,5,10,
1462,694905863685980160,Archie,10,10,
1463,694669722378485760,Phil,12,10,
1464,694356675654983680,None,10,10,pupper
1465,694352839993344000,Oliviér,10,10,
1466,694342028726001664,None,11,10,
1467,694329668942569472,Grady,9,10,pupper
1468,694206574471057408,None,10,10,
1469,694183373896572928,Lola,9,10,
1470,694001791655137281,Chester,11,10,
1471,693993230313091072,None,12,10,
1472,693942351086120961,Kobe,10,10,
1473,693647888581312512,None,7,10,
1474,693644216740769793,None,10,10,
1475,693642232151285760,Freddery,9,10,
1476,693629975228977152,None,12,10,pupper
1477,693622659251335168,None,10,10,
1478,693590843962331137,Phil,3,10,pupper
1479,693582294167244802,None,11,10,
1480,693486665285931008,Lincoln,11,10,
1481,693280720173801472,Sadie,10,10,
1482,693267061318012928,Oscar,12,10,
1483,693262851218264065,None,11,10,pupper
1484,693231807727280129,Bodie,9,10,
1485,693155686491000832,Dunkin,12,10,
1486,693109034023534592,None,11,10,
1487,693095443459342336,Milo,10,10,pupper
1488,692919143163629568,None,9,10,
1489,692905862751522816,Wally,10,10,pupper
1490,692901601640583168,None,10,10,
1491,692894228850999298,Tupawc,10,10,
1492,692828166163931137,None,12,10,pupper
1493,692752401762250755,None,13,10,pupper
1494,692568918515392513,Chester,12,10,
1495,692535307825213440,Amber,10,10,
1496,692530551048294401,Cody,10,10,
1497,692423280028966913,None,9,10,
1498,692417313023332352,Herschel,7,10,pupper
1499,692187005137076224,a,12,10,
1500,692158366030913536,Edgar,10,10,
1501,692142790915014657,None,13,10,
1502,692041934689402880,Teddy,13,10,
1503,692017291282812928,Kingsley,9,10,
1504,691820333922455552,Brockly,8,10,
1505,691793053716221953,None,10,10,
1506,691756958957883396,None,10,10,
1507,691675652215414786,Richie,10,10,
1508,691483041324204033,None,5,10,
1509,691459709405118465,Leo,12,10,
1510,691444869282295808,Bailey,12,10,
1511,691416866452082688,None,13,10,
1512,691321916024623104,Molly,11,10,
1513,691096613310316544,None,11,10,
1514,691090071332753408,None,12,10,
1515,690989312272396288,None,12,10,
1516,690959652130045952,None,11,10,
1517,690938899477221376,None,10,10,
1518,690932576555528194,Buddy,12,10,
1519,690735892932222976,Peaches,13,10,
1520,690728923253055490,Vinscent,8,10,
1521,690690673629138944,Cedrick,10,10,
1522,690649993829576704,Hazel,11,10,
1523,690607260360429569,None,12,10,
1524,690597161306841088,Lolo,11,10,
1525,690400367696297985,Eriq,10,10,
1526,690374419777196032,Phred,11,10,
1527,690360449368465409,the,9,10,
1528,690348396616552449,Oddie,12,10,
1529,690248561355657216,Maxwell,11,10,
1530,690021994562220032,Geoff,10,10,
1531,690015576308211712,None,12,10,pupper
1532,690005060500217858,None,10,10,
1533,689999384604450816,Covach,10,10,
1534,689993469801164801,None,12,10,floofer
1535,689977555533848577,None,12,10,
1536,689905486972461056,Gizmo,11,10,pupper
1537,689877686181715968,Durg,9,10,
1538,689835978131935233,Fynn,11,10,
1539,689661964914655233,Luca,12,10,
1540,689659372465688576,Ricky,8,10,
1541,689623661272240129,Lucy,10,10,pupper
1542,689599056876867584,None,11,10,
1543,689557536375177216,None,12,10,
1544,689517482558820352,Carl,12,10,
1545,689289219123089408,None,13,10,
1546,689283819090870273,Chipson,9,10,
1547,689280876073582592,Herald,10,10,
1548,689275259254616065,Lucky,10,10,
1549,689255633275777024,Ferg,10,10,
1550,689154315265683456,None,9,10,
1551,689143371370250240,Trip,10,10,pupper
1552,688916208532455424,None,11,10,pupper
1553,688908934925697024,Clarence,8,10,
1554,688898160958271489,None,10,10,
1555,688894073864884227,Hamrick,7,10,pupper
1556,688828561667567616,Brad,9,10,
1557,688804835492233216,None,12,10,
1558,688789766343622656,Pubert,8,10,
1559,688547210804498433,Frönq,9,10,
1560,688519176466644993,None,12,10,pupper
1561,688385280030670848,Louis,12,10,
1562,688211956440801280,Derby,13,10,
1563,688179443353796608,Lizzie,10,10,pupper
1564,688116655151435777,None,10,10,
1565,688064179421470721,Kilo,11,10,
1566,687841446767013888,None,13,10,
1567,687826841265172480,Louis,12,10,
1568,687818504314159109,None,12,10,pupper
1569,687807801670897665,Trooper,11,10,
1570,687732144991551489,Ember,11,10,
1571,687704180304273409,Blakely,9,10,pupper
1572,687664829264453632,Opal,11,10,
1573,687494652870668288,Marq,7,10,
1574,687480748861947905,None,12,10,
1575,687476254459715584,Curtis,11,10,pupper
1576,687460506001633280,Kramer,10,10,
1577,687399393394311168,Barry,10,10,
1578,687317306314240000,Tyrone,11,10,
1579,687312378585812992,None,7,10,pupper
1580,687127927494963200,Gordon,9,10,
1581,687124485711986689,Samson,11,10,
1582,687109925361856513,Baxter,11,10,
1583,687102708889812993,None,5,10,
1584,687096057537363968,None,11,10,pupper
1585,686947101016735744,Jackson,11,10,
1586,686760001961103360,None,12,10,pupper
1587,686749460672679938,None,8,10,
1588,686730991906516992,None,12,10,
1589,686683045143953408,Mona,11,10,pupper
1590,686618349602762752,Olivia,11,10,pupper
1591,686606069955735556,Horace,10,10,
1592,686394059078897668,None,12,10,
1593,686386521809772549,Crimson,11,10,
1594,686377065986265092,Birf,10,10,pupper
1595,686358356425093120,None,10,10,
1596,686286779679375361,None,12,10,
1597,686050296934563840,Flávio,11,10,
1598,686035780142297088,None,4,20,
1599,686034024800862208,None,12,10,
1600,686007916130873345,None,11,10,pupper
1601,686003207160610816,Hammond,3,10,
1602,685973236358713344,Lorelei,11,10,
1603,685943807276412928,the,8,10,pupper
1604,685906723014619143,Olive,9,10,
1605,685681090388975616,None,14,10,
1606,685667379192414208,Marty,9,10,pupper
1607,685663452032069632,Brooks,12,10,
1608,685641971164143616,Otis,7,10,pupper
1609,685547936038666240,None,14,10,pupper
1610,685532292383666176,None,9,10,
1611,685325112850124800,None,10,10,
1612,685321586178670592,Rocky,10,10,
1613,685315239903100929,None,11,10,
1614,685307451701334016,Petrick,11,10,floofer
1615,685268753634967552,Hubertson,10,10,pupper
1616,685198997565345792,Alfie,11,10,
1617,685169283572338688,Gerbald,11,10,pupper
1618,684969860808454144,None,5,10,
1619,684959798585110529,Jerry,5,10,
1620,684940049151070208,Oreo,12,10,
1621,684926975086034944,Bruiser,11,10,
1622,684914660081053696,None,12,10,
1623,684902183876321280,Perry,11,10,
1624,684880619965411328,None,5,10,pupper
1625,684830982659280897,None,13,10,pupper
1626,684800227459624960,Theodore,11,10,
1627,684594889858887680,None,10,10,
1628,684588130326986752,None,12,10,pupper
1629,684567543613382656,Bobby,4,10,
1630,684538444857667585,None,12,10,
1631,684481074559381504,Pippa,10,10,
1632,684460069371654144,Jeph,10,10,
1633,684241637099323392,Obi,12,10,
1634,684225744407494656,None,143,130,
1635,684222868335505415,None,121,110,
1636,684200372118904832,None,6,10,
1637,684195085588783105,Tino,9,10,
1638,684188786104872960,None,10,10,
1639,684177701129875456,Kulet,10,10,
1640,684147889187209216,Sweets,12,10,pupper
1641,684122891630342144,None,11,10,
1642,684097758874210310,Lupe,10,10,
1643,683857920510050305,Sadie,10,10,
1644,683852578183077888,Tiger,10,10,
1645,683849932751646720,Jiminy,5,10,
1646,683834909291606017,None,9,10,pupper
1647,683828599284170753,None,12,10,pupper
1648,683773439333797890,Buddy,9,10,
1649,683742671509258241,Sebastian,11,10,
1650,683515932363329536,None,11,10,
1651,683498322573824003,Griffin,11,10,
1652,683481228088049664,Banjo,11,10,pupper
1653,683462770029932544,None,8,10,pupper
1654,683449695444799489,None,10,10,
1655,683391852557561860,Jack,11,10,
1656,683357973142474752,None,10,10,
1657,683142553609318400,Brandy,9,10,pupper
1658,683111407806746624,Larry,10,10,pupper
1659,683098815881154561,None,12,10,
1660,683078886620553216,None,9,10,pupper
1661,683030066213818368,Lulu,10,10,
1662,682962037429899265,Darrel,7,11,
1663,682808988178739200,None,20,16,
1664,682788441537560576,None,12,10,pupper
1665,682750546109968385,Taco,9,10,
1666,682697186228989953,None,12,10,
1667,682662431982772225,Joey,11,10,
1668,682638830361513985,None,12,10,
1669,682429480204398592,None,8,10,
1670,682406705142087680,Patrick,7,10,pupper
1671,682393905736888321,Kreg,11,10,
1672,682389078323662849,Brody,9,10,
1673,682303737705140231,Todo,9,10,
1674,682259524040966145,Jax,9,10,
1675,682242692827447297,Samson,11,10,
1676,682088079302213632,None,12,10,
1677,682059653698686977,Tess,11,10,
1678,682047327939461121,None,10,10,
1679,682032003584274432,Ulysses,11,10,
1680,682003177596559360,None,5,10,
1681,681981167097122816,Jimothy,12,10,
1682,681891461017812993,Charlie,10,10,pupper
1683,681694085539872773,Bo,11,10,pupper
1684,681679526984871937,None,7,10,pupper
1685,681654059175129088,Toffee,12,10,pupper
1686,681610798867845120,None,12,10,
1687,681579835668455424,Apollo,8,10,
1688,681523177663676416,Carly,12,10,
1689,681340665377193984,None,5,10,
1690,681339448655802368,Asher,9,10,
1691,681320187870711809,Glacier,11,10,
1692,681302363064414209,Chuck,3,10,
1693,681297372102656000,actually,12,10,
1694,681281657291280384,Sarge,11,10,
1695,681261549936340994,Panda,9,10,
1696,681242418453299201,Champ,10,10,
1697,681231109724700672,None,11,10,pupper
1698,681193455364796417,Aspen,11,10,
1699,680970795137544192,None,9,10,
1700,680959110691590145,Ozzie,9,10,
1701,680940246314430465,Alice,4,10,
1702,680934982542561280,Sadie,10,10,
1703,680913438424612864,Griswold,11,10,
1704,680889648562991104,Cheesy,9,10,
1705,680836378243002368,Ellie,12,10,pupper
1706,680805554198020098,None,9,10,
1707,680801747103793152,None,10,10,
1708,680798457301471234,Moofasa,6,10,
1709,680609293079592961,Brody,9,10,
1710,680583894916304897,Penny,8,10,
1711,680497766108381184,Percy,12,10,
1712,680494726643068929,None,26,10,
1713,680473011644985345,Hector,10,10,pupper
1714,680440374763077632,None,11,10,
1715,680221482581123072,CeCe,10,10,
1716,680206703334408192,Toby,12,10,
1717,680191257256136705,None,11,10,pupper
1718,680176173301628928,None,10,10,pupper
1719,680161097740095489,Goliath,12,10,
1720,680145970311643136,Kawhi,10,10,pupper
1721,680130881361686529,Reggie,10,10,
1722,680115823365742593,Ozzy,9,10,
1723,680100725817409536,None,11,10,pupper
1724,680085611152338944,by,12,10,
1725,680070545539371008,Emmie,9,10,
1726,680055455951884288,Sammy,10,10,
1727,679877062409191424,Penelope,5,10,
1728,679872969355714560,Rocco,10,10,
1729,679862121895714818,None,11,10,
1730,679854723806179328,Bruce,7,10,
1731,679844490799091713,Willie,10,10,
1732,679828447187857408,None,13,10,pupper
1733,679777920601223168,Rinna,10,10,pupper
1734,679736210798047232,None,9,10,
1735,679729593985699840,Hunter,8,10,
1736,679722016581222400,Mike,8,10,
1737,679530280114372609,a,7,10,
1738,679527802031484928,None,11,10,pupper
1739,679511351870550016,William,7,10,
1740,679503373272485890,Dwight,8,10,pupper
1741,679475951516934144,Evy,9,10,
1742,679462823135686656,Hurley,11,10,
1743,679405845277462528,None,10,10,
1744,679158373988876288,Rubio,11,10,
1745,679148763231985668,None,8,10,
1746,679132435750195208,Louis,10,10,
1747,679111216690831360,officially,12,10,
1748,679062614270468097,Chompsky,11,10,
1749,679047485189439488,None,9,10,
1750,679001094530465792,Rascal,11,10,
1751,678991772295516161,None,12,10,
1752,678969228704284672,Lola,11,10,
1753,678800283649069056,None,12,10,pupper
1754,678798276842360832,Linda,7,10,
1755,678774928607469569,Tug,11,10,
1756,678767140346941444,Mia,8,10,
1757,678764513869611008,Wilson,10,10,
1758,678755239630127104,Dash,10,10,
1759,678740035362037760,Tango,6,10,
1760,678708137298427904,None,10,10,pupper
1761,678675843183484930,None,2,10,
1762,678643457146150913,Grizz,10,10,
1763,678446151570427904,None,10,10,
1764,678424312106393600,Crystal,2,10,
1765,678410210315247616,Jerome,10,10,
1766,678399652199309312,None,12,10,
1767,678396796259975168,None,12,10,
1768,678389028614488064,Bella,11,10,pupper
1769,678380236862578688,Crumpet,10,10,
1770,678341075375947776,None,12,10,pupper
1771,678334497360859136,Rosie,10,10,
1772,678278586130948096,None,10,10,pupper
1773,678255464182861824,Jessifer,9,10,
1774,678023323247357953,None,13,10,
1775,678021115718029313,Reese,12,10,
1776,677961670166224897,Izzy,11,10,
1777,677918531514703872,None,10,10,
1778,677895101218201600,None,9,10,
1779,677716515794329600,None,144,120,
1780,677700003327029250,Ralph,10,10,
1781,677698403548192770,Sadie,9,10,
1782,677687604918272002,None,11,10,
1783,677673981332312066,None,9,10,
1784,677662372920729601,None,12,10,
1785,677644091929329666,a,11,10,
1786,677573743309385728,Sandy,10,10,
1787,677565715327688705,None,6,10,
1788,677557565589463040,None,10,10,pupper
1789,677547928504967168,None,12,10,
1790,677530072887205888,Axel,9,10,
1791,677335745548390400,None,12,10,
1792,677334615166730240,None,9,10,
1793,677331501395156992,Humphrey,9,10,
1794,677328882937298944,Derek,10,10,
1795,677314812125323265,Tassy,10,10,
1796,677301033169788928,Juckson,5,10,
1797,677269281705472000,the,10,10,pupper
1798,677228873407442944,Chuq,11,10,
1799,677187300187611136,None,9,10,
1800,676975532580409345,Cooper,11,10,
1801,676957860086095872,None,10,10,
1802,676949632774234114,Tyrus,8,10,
1803,676948236477857792,Karl,6,10,
1804,676946864479084545,None,12,10,
1805,676942428000112642,None,9,10,
1806,676936541936185344,None,8,10,pupper
1807,676916996760600576,None,10,10,pupper
1808,676897532954456065,None,5,10,
1809,676864501615042560,Ash,10,10,
1810,676821958043033607,None,11,10,
1811,676819651066732545,None,12,10,pupper
1812,676811746707918848,Penny,9,10,
1813,676776431406465024,None,10,10,
1814,676617503762681856,None,13,10,pupper
1815,676613908052996102,the,12,10,
1816,676606785097199616,None,12,10,
1817,676603393314578432,Godzilla,9,10,pupper
1818,676593408224403456,None,11,10,pupper
1819,676590572941893632,None,7,10,
1820,676588346097852417,Bubbles,5,10,
1821,676582956622721024,Vinnie,8,10,
1822,676575501977128964,None,8,10,pupper
1823,676533798876651520,None,12,10,
1824,676496375194980353,Griffin,9,10,
1825,676470639084101634,None,11,10,pupper
1826,676440007570247681,None,11,10,
1827,676430933382295552,Duke,10,10,
1828,676263575653122048,None,10,10,pupper
1829,676237365392908289,Winston,8,10,
1830,676219687039057920,Kenneth,10,10,
1831,676215927814406144,Herm,9,10,
1832,676191832485810177,None,10,10,
1833,676146341966438401,Bert,10,10,
1834,676121918416756736,None,8,10,
1835,676101918813499392,Striker,11,10,
1836,676098748976615425,None,3,10,
1837,676089483918516224,None,9,10,
1838,675898130735476737,None,10,10,pupper
1839,675891555769696257,Donny,6,10,
1840,675888385639251968,None,10,10,
1841,675878199931371520,None,11,10,
1842,675870721063669760,None,11,10,
1843,675853064436391936,None,88,80,
1844,675849018447167488,None,9,10,
1845,675845657354215424,Pepper,10,10,pupper
1846,675822767435051008,None,10,10,
1847,675820929667219457,None,11,10,
1848,675798442703122432,Bernie,10,10,
1849,675781562965868544,Buddah,11,10,
1850,675740360753160193,None,12,10,pupper
1851,675710890956750848,Lenny,12,10,
1852,675707330206547968,None,11,10,
1853,675706639471788032,a,10,10,
1854,675534494439489536,a,11,10,
1855,675531475945709568,Ellie,10,10,
1856,675522403582218240,Sammy,10,10,
1857,675517828909424640,None,12,10,
1858,675501075957489664,None,13,10,
1859,675497103322386432,Reggie,11,10,
1860,675489971617296384,None,10,10,
1861,675483430902214656,None,5,10,
1862,675432746517426176,None,12,10,
1863,675372240448454658,None,13,10,
1864,675362609739206656,Daisy,12,10,
1865,675354435921575936,None,13,10,
1866,675349384339542016,None,13,10,
1867,675334060156301312,None,12,10,pupper
1868,675166823650848770,Arnold,10,10,
1869,675153376133427200,None,1,10,
1870,675149409102012420,None,12,10,
1871,675147105808306176,None,10,10,
1872,675146535592706048,Coops,7,10,
1873,675145476954566656,None,9,10,
1874,675135153782571009,Steven,5,10,
1875,675113801096802304,Zuzu,10,10,pupper
1876,675111688094527488,Oliver,8,10,
1877,675109292475830276,a,9,10,
1878,675047298674663426,a,11,10,
1879,675015141583413248,Moe,10,10,
1880,675006312288268288,Mollie,10,10,pupper
1881,675003128568291329,Laela,12,10,
1882,674999807681908736,None,13,10,
1883,674805413498527744,None,10,10,
1884,674800520222154752,Tedders,11,10,
1885,674793399141146624,None,13,10,
1886,674790488185167872,None,13,10,
1887,674788554665512960,Maggie,9,10,
1888,674781762103414784,None,8,10,
1889,674774481756377088,Superpup,11,10,pupper
1890,674767892831932416,None,12,10,
1891,674764817387900928,None,10,10,
1892,674754018082705410,None,12,10,
1893,674752233200820224,None,12,10,
1894,674743008475090944,Sophie,10,10,
1895,674742531037511680,None,11,10,
1896,674739953134403584,None,11,10,
1897,674737130913071104,Rufio,10,10,pupper
1898,674690135443775488,Patrick,3,10,
1899,674670581682434048,Jeb,9,10,
1900,674664755118911488,Rodman,10,10,
1901,674646392044941312,None,5,10,
1902,674644256330530816,None,11,10,
1903,674638615994089473,None,12,10,pupper
1904,674632714662858753,None,5,10,
1905,674606911342424069,None,13,10,
1906,674468880899788800,Louis,13,10,
1907,674447403907457024,None,10,10,pupper
1908,674436901579923456,Bailey,9,10,
1909,674422304705744896,Ava,12,10,
1910,674416750885273600,Jonah,10,10,
1911,674410619106390016,Lenny,10,10,
1912,674394782723014656,Gary,8,10,
1913,674372068062928900,Chesney,10,10,
1914,674330906434379776,None,13,10,
1915,674318007229923329,Lennon,8,10,pupper
1916,674307341513269249,life,12,10,
1917,674291837063053312,Kenny,11,10,
1918,674271431610523648,None,10,10,
1919,674269164442398721,Bob,8,10,
1920,674265582246694913,Henry,2,10,
1921,674262580978937856,Gus,9,10,pupper
1922,674255168825880576,Bobbay,10,10,
1923,674082852460433408,a,11,10,
1924,674075285688614912,Mitch,11,10,
1925,674063288070742018,Earl,5,10,
1926,674053186244734976,Stanley,10,10,
1927,674051556661161984,Lucy,10,10,
1928,674045139690631169,None,3,10,
1929,674042553264685056,None,12,10,
1930,674038233588723717,Kaiya,12,10,pupper
1931,674036086168010753,Daisy,9,10,
1932,674024893172875264,None,10,10,
1933,674019345211760640,Acro,10,10,
1934,674014384960745472,Aiden,11,10,
1935,674008982932058114,None,10,10,
1936,673956914389192708,one,10,10,pupper
1937,673919437611909120,Obie,11,10,pupper
1938,673906403526995968,None,3,10,
1939,673887867907739649,None,10,10,
1940,673716320723169284,None,1,10,
1941,673715861853720576,a,4,10,
1942,673711475735838725,None,10,10,
1943,673709992831262724,None,12,10,
1944,673708611235921920,Riley,12,10,
1945,673707060090052608,Raymond,10,10,pupper
1946,673705679337693185,Dot,8,10,
1947,673700254269775872,None,3,10,
1948,673697980713705472,Pickles,8,10,pupper
1949,673689733134946305,None,11,10,
1950,673688752737402881,Larry,9,10,
1951,673686845050527744,George,11,10,
1952,673680198160809984,Shnuggles,13,10,
1953,673662677122719744,Kendall,12,10,
1954,673656262056419329,Albert,10,10,pupper
1955,673636718965334016,a,10,10,
1956,673612854080196609,Jeffri,7,10,pupper
1957,673583129559498752,Sandy,11,10,
1958,673580926094458881,None,8,10,
1959,673576835670777856,None,7,10,
1960,673363615379013632,None,11,10,pupper
1961,673359818736984064,Steve,8,10,
1962,673355879178194945,Koda,11,10,
1963,673352124999274496,None,12,10,
1964,673350198937153538,Bella,9,10,
1965,673345638550134785,Gerald,7,10,
1966,673343217010679808,None,11,10,
1967,673342308415348736,Django,10,10,pupper
1968,673320132811366400,Frankie,11,10,
1969,673317986296586240,None,10,10,
1970,673295268553605120,Eve,8,10,pupper
1971,673270968295534593,Mac,11,10,
1972,673240798075449344,None,6,10,
1973,673213039743795200,Dexter,10,10,
1974,673148804208660480,Fletcher,8,10,pupper
1975,672997845381865473,Kenzie,12,10,
1976,672995267319328768,Pumpkin,8,10,
1977,672988786805112832,Schnozz,10,10,pupper
1978,672984142909456390,None,9,10,
1979,672980819271634944,None,5,10,
1980,672975131468300288,Chuckles,10,10,pupper
1981,672970152493887488,Chet,7,10,pupper
1982,672968025906282496,Gustaf,11,10,
1983,672964561327235073,Terry,10,10,
1984,672902681409806336,Jimison,9,10,
1985,672898206762672129,Cheryl,11,10,pupper
1986,672884426393653248,None,6,10,
1987,672877615439593473,Oscar,8,10,
1988,672834301050937345,Ed,10,10,
1989,672828477930868736,Jerry,9,10,
1990,672640509974827008,Leonidas,9,10,
1991,672622327801233409,None,12,10,pupper
1992,672614745925664768,Norman,6,10,pupper
1993,672609152938721280,Caryl,9,10,
1994,672604026190569472,a,11,10,
1995,672594978741354496,Scott,9,10,pupper
1996,672591762242805761,Taz,10,10,
1997,672591271085670400,None,8,10,
1998,672538107540070400,Darby,7,10,
1999,672523490734551040,None,10,10,
2000,672488522314567680,Jackie,10,10,
2001,672482722825261057,light,10,10,
2002,672481316919734272,Jazz,12,10,pupper
2003,672475084225949696,Buddy,8,10,
2004,672466075045466113,Franq,12,10,
2005,672272411274932228,Pippin,11,10,
2006,672267570918129665,None,10,10,
2007,672264251789176834,Kreg,10,10,
2008,672256522047614977,None,8,10,
2009,672254177670729728,Rolf,11,10,pupper
2010,672248013293752320,None,10,10,
2011,672245253877968896,Snickers,12,10,
2012,672239279297454080,Ridley,7,10,
2013,672231046314901505,None,5,10,
2014,672222792075620352,Cal,9,10,
2015,672205392827572224,Opal,9,10,pupper
2016,672169685991993344,Bradley,10,10,
2017,672160042234327040,Bubba,8,10,pupper
2018,672139350159835138,None,12,10,
2019,672125275208069120,just,11,10,
2020,672095186491711488,Tuco,9,10,
2021,672082170312290304,Patch,11,10,
2022,672068090318987265,Gizmo,7,10,
2023,671896809300709376,Lola,10,10,
2024,671891728106971137,Mojo,11,10,
2025,671882082306625538,Batdog,11,10,
2026,671879137494245376,Brad,5,10,
2027,671874878652489728,Mia,10,10,
2028,671866342182637568,Dylan,10,10,
2029,671855973984772097,None,8,10,
2030,671789708968640512,space,13,10,
2031,671768281401958400,None,10,10,
2032,671763349865160704,Mark,9,10,
2033,671744970634719232,None,6,10,
2034,671743150407421952,a,11,10,
2035,671735591348891648,Oscar,11,10,
2036,671729906628341761,None,13,10,
2037,671561002136281088,the,13,10,
2038,671550332464455680,None,1,10,
2039,671547767500775424,Marley,10,10,
2040,671544874165002241,None,6,10,
2041,671542985629241344,JD,10,10,
2042,671538301157904385,Baxter,8,10,
2043,671536543010570240,Reginald,9,10,
2044,671533943490011136,None,6,10,
2045,671528761649688577,Jax,10,10,
2046,671520732782923777,Alejandro,10,10,
2047,671518598289059840,Scruffers,9,10,
2048,671511350426865664,Hammond,8,10,
2049,671504605491109889,Charlie,11,10,
2050,671497587707535361,Pip,11,10,
2051,671488513339211776,Julius,8,10,
2052,671486386088865792,Malcolm,10,10,
2053,671485057807351808,Penelope,11,10,
2054,671390180817915904,None,7,10,
2055,671362598324076544,Tanner,11,10,
2056,671357843010908160,None,9,10,
2057,671355857343524864,Lou,10,10,
2058,671347597085433856,Lola,9,10,
2059,671186162933985280,Sparky,10,10,
2060,671182547775299584,None,12,10,
2061,671166507850801152,Herm,10,10,
2062,671163268581498880,None,8,10,
2063,671159727754231808,Anthony,5,10,
2064,671154572044468225,Holly,11,10,
2065,671151324042559489,None,12,10,
2066,671147085991960577,a,9,10,
2067,671141549288370177,None,9,10,
2068,671138694582165504,None,10,10,
2069,671134062904504320,Clarence,8,10,
2070,671122204919246848,None,4,10,
2071,671115716440031232,Phred,6,10,
2072,671109016219725825,Toby,8,10,
2073,670995969505435648,None,12,10,
2074,670842764863651840,None,420,10,
2075,670840546554966016,Colby,10,10,
2076,670838202509447168,None,4,10,
2077,670833812859932673,Jett,7,10,
2078,670832455012716544,Amy,10,10,
2079,670826280409919488,None,2,10,
2080,670823764196741120,Remington,12,10,
2081,670822709593571328,None,10,10,
2082,670815497391357952,Sage,10,10,
2083,670811965569282048,Maggie,10,10,
2084,670807719151067136,Andy,11,10,
2085,670804601705242624,Mason,10,10,
2086,670803562457407488,None,10,10,
2087,670797304698376195,Trigger,11,10,
2088,670792680469889025,Antony,7,10,
2089,670789397210615808,None,9,10,
2090,670786190031921152,Creg,8,10,
2091,670783437142401025,None,1,10,
2092,670782429121134593,None,5,10,
2093,670780561024270336,Traviss,7,10,
2094,670778058496974848,None,10,10,
2095,670764103623966721,Vincent,10,10,
2096,670755717859713024,Gin,9,10,
2097,670733412878163972,Jerry,8,10,
2098,670727704916926465,Jeffrie,10,10,
2099,670717338665226240,None,12,10,
2100,670704688707301377,Danny,6,10,
2101,670691627984359425,Ester,8,10,
2102,670679630144274432,Pluto,8,10,
2103,670676092097810432,Bloo,8,10,
2104,670668383499735048,Phineas,10,10,
2105,670474236058800128,None,10,10,
2106,670468609693655041,Edd,10,10,
2107,670465786746662913,None,7,10,
2108,670452855871037440,None,11,10,
2109,670449342516494336,None,5,10,
2110,670444955656130560,Paull,10,10,
2111,670442337873600512,Koda,11,10,
2112,670435821946826752,None,10,10,
2113,670434127938719744,Hank,11,10,
2114,670433248821026816,Sam,10,10,
2115,670428280563085312,Willy,11,10,
2116,670427002554466305,a,9,10,
2117,670421925039075328,Herb,12,10,
2118,670420569653809152,Damon,10,10,
2119,670417414769758208,None,6,10,
2120,670411370698022913,Scooter,12,10,
2121,670408998013820928,Peanut,10,10,
2122,670403879788544000,Nigel,10,10,
2123,670385711116361728,Larry,8,10,
2124,670374371102445568,Daisy,12,10,
2125,670361874861563904,Cherokee,9,10,
2126,670338931251150849,Butters,10,10,
2127,670319130621435904,None,11,10,
2128,670303360680108032,Hemry,9,10,
2129,670290420111441920,Sandra,11,10,
2130,670093938074779648,Wally,9,10,
2131,670086499208155136,None,10,10,
2132,670079681849372674,Fabio,10,10,
2133,670073503555706880,Winston,10,10,
2134,670069087419133954,Randall,5,10,
2135,670061506722140161,Liam,11,10,
2136,670055038660800512,Tommy,3,10,
2137,670046952931721218,Ben,11,10,
2138,670040295598354432,None,10,10,
2139,670037189829525505,None,5,10,
2140,670003130994700288,Raphael,10,10,
2141,669993076832759809,Zoey,9,10,
2142,669972011175813120,None,10,10,
2143,669970042633789440,Julio,10,10,
2144,669942763794931712,Andru,11,10,
2145,669926384437997569,None,12,10,
2146,669923323644657664,a,10,10,
2147,669753178989142016,Chester,10,10,
2148,669749430875258880,Clarence,8,10,
2149,669684865554620416,None,11,10,
2150,669683899023405056,Kloey,10,10,
2151,669682095984410625,Louie,9,10,
2152,669680153564442624,Shawwn,8,10,
2153,669661792646373376,a,5,10,
2154,669625907762618368,Penny,12,10,
2155,669603084620980224,None,10,10,
2156,669597912108789760,Skye,10,10,
2157,669583744538451968,None,6,10,
2158,669573570759163904,Linda,10,10,
2159,669571471778410496,Keith,7,10,
2160,669567591774625800,Kollin,9,10,
2161,669564461267722241,a,10,10,
2162,669393256313184256,Ronduh,10,10,
2163,669375718304980992,Billl,6,10,
2164,669371483794317312,Oliviér,10,10,
2165,669367896104181761,Chip,10,10,
2166,669363888236994561,None,10,10,
2167,669359674819481600,Saydee,11,10,
2168,669354382627049472,Dug,8,10,
2169,669353438988365824,Tessa,10,10,
2170,669351434509529089,Sully,10,10,
2171,669328503091937280,Kirk,12,10,
2172,669327207240699904,None,13,10,
2173,669324657376567296,Ralf,11,10,
2174,669216679721873412,Clarq,8,10,
2175,669214165781868544,Jaspers,10,10,
2176,669203728096960512,Samsom,9,10,
2177,669037058363662336,None,10,10,
2178,669015743032369152,None,10,10,
2179,669006782128353280,Tucker,12,10,
2180,669000397445533696,Terrance,11,10,
2181,668994913074286592,None,5,10,
2182,668992363537309700,Harrison,8,10,
2183,668989615043424256,Bernie,3,10,
2184,668988183816871936,None,7,10,
2185,668986018524233728,Ruby,9,10,
2186,668981893510119424,None,4,10,
2187,668979806671884288,Chaz,12,10,
2188,668975677807423489,Jeremy,11,10,
2189,668967877119254528,None,12,10,
2190,668960084974809088,Jaycob,10,10,
2191,668955713004314625,a,10,10,
2192,668932921458302977,Herald,9,10,
2193,668902994700836864,Lambeau,11,10,
2194,668892474547511297,Ruffles,11,10,
2195,668872652652679168,Amélie,11,10,
2196,668852170888998912,Bobb,11,10,
2197,668826086256599040,Banditt,10,10,
2198,668815180734689280,a,7,10,
2199,668779399630725120,Kevon,10,10,
2200,668655139528511488,Winifred,11,10,
2201,668645506898350081,None,11,10,
2202,668643542311546881,None,3,10,
2203,668641109086707712,Hanz,10,10,
2204,668636665813057536,an,10,10,
2205,668633411083464705,Churlie,10,10,
2206,668631377374486528,Zeek,5,10,
2207,668627278264475648,Timofy,9,10,
2208,668625577880875008,Maks,10,10,
2209,668623201287675904,Jomathan,10,10,
2210,668620235289837568,Kallie,10,10,
2211,668614819948453888,a,7,10,
2212,668587383441514497,the,13,10,
2213,668567822092664832,Marvin,11,10,
2214,668544745690562560,None,10,10,
2215,668542336805281792,None,10,10,
2216,668537837512433665,Spark,8,10,
2217,668528771708952576,Gòrdón,12,10,
2218,668507509523615744,a,10,10,
2219,668496999348633600,Jo,8,10,
2220,668484198282485761,None,9,10,
2221,668480044826800133,DayZ,11,10,
2222,668466899341221888,a,4,10,
2223,668297328638447616,None,9,10,
2224,668291999406125056,None,10,10,
2225,668286279830867968,Rusty,11,10,
2226,668274247790391296,Sophie,10,10,
2227,668268907921326080,None,10,10,
2228,668256321989451776,Jareld,13,10,
2229,668248472370458624,Bisquick,8,10,
2230,668237644992782336,Torque,10,10,
2231,668226093875376128,None,10,10,
2232,668221241640230912,None,10,10,
2233,668204964695683073,Ron,8,10,
2234,668190681446379520,Skittles,12,10,
2235,668171859951755264,a,7,10,
2236,668154635664932864,None,9,10,
2237,668142349051129856,None,2,10,
2238,668113020489474048,Alfie,6,10,
2239,667937095915278337,None,3,10,
2240,667924896115245057,Jiminy,9,10,
2241,667915453470232577,Otis,10,10,
2242,667911425562669056,None,5,10,
2243,667902449697558528,Cleopatricia,9,10,
2244,667886921285246976,Erik,11,10,
2245,667885044254572545,Stu,10,10,
2246,667878741721415682,Tedrick,2,10,
2247,667873844930215936,None,10,10,
2248,667866724293877760,Shaggy,10,10,
2249,667861340749471744,a,9,10,
2250,667832474953625600,None,12,10,
2251,667806454573760512,Filup,10,10,
2252,667801013445750784,None,12,10,
2253,667793409583771648,None,8,10,
2254,667782464991965184,None,9,10,
2255,667773195014021121,a,8,10,
2256,667766675769573376,Calvin,9,10,
2257,667728196545200128,Olive,11,10,
2258,667724302356258817,None,7,10,
2259,667550904950915073,None,12,10,
2260,667550882905632768,None,5,10,
2261,667549055577362432,None,1,10,
2262,667546741521195010,George,9,10,
2263,667544320556335104,Kial,10,10,
2264,667538891197542400,a,9,10,
2265,667534815156183040,Frank,8,10,
2266,667530908589760512,Naphaniel,10,10,
2267,667524857454854144,None,12,10,
2268,667517642048163840,Dook,8,10,
2269,667509364010450944,None,12,10,
2270,667502640335572993,Hall,11,10,
2271,667495797102141441,Philippe,9,10,
2272,667491009379606528,None,7,10,
2273,667470559035432960,a,11,10,
2274,667455448082227200,Reese,7,10,
2275,667453023279554560,Cupcake,11,10,
2276,667443425659232256,None,6,10,
2277,667437278097252352,None,10,10,
2278,667435689202614272,None,12,10,
2279,667405339315146752,Biden,7,10,
2280,667393430834667520,Fwed,8,10,
2281,667369227918143488,None,10,10,
2282,667211855547486208,Genevieve,9,10,
2283,667200525029539841,Joshwa,11,10,
2284,667192066997374976,None,12,10,
2285,667188689915760640,None,10,10,
2286,667182792070062081,Timison,10,10,
2287,667177989038297088,a,8,10,
2288,667176164155375616,None,4,10,
2289,667174963120574464,Clarence,9,10,
2290,667171260800061440,Kenneth,10,10,
2291,667165590075940865,Churlie,10,10,
2292,667160273090932737,Bradlay,11,10,
2293,667152164079423490,Pipsy,12,10,
2294,667138269671505920,None,10,10,
2295,667119796878725120,Gabe,10,10,
2296,667090893657276420,Clybe,7,10,
2297,667073648344346624,Dave,10,10,
2298,667070482143944705,None,10,10,
2299,667065535570550784,None,8,10,
2300,667062181243039745,Keet,10,10,
2301,667044094246576128,None,12,10,
2302,667012601033924608,Klevin,9,10,
2303,666996132027977728,Carll,10,10,
2304,666983947667116034,a,11,10,
2305,666837028449972224,None,3,10,
2306,666835007768551424,None,10,10,
2307,666826780179869698,None,12,10,
2308,666817836334096384,Jeph,9,10,
2309,666804364988780544,Jockson,8,10,
2310,666786068205871104,None,2,10,
2311,666781792255496192,a,10,10,
2312,666776908487630848,Josep,5,10,
2313,666739327293083650,Lugan,10,10,
2314,666701168228331520,a,8,10,
2315,666691418707132416,Christoper,8,10,
2316,666649482315059201,None,4,10,
2317,666644823164719104,Jimothy,9,10,
2318,666454714377183233,Kreggory,10,10,
2319,666447344410484738,Scout,9,10,
2320,666437273139982337,None,7,10,
2321,666435652385423360,None,10,10,
2322,666430724426358785,None,6,10,
2323,666428276349472768,None,7,10,
2324,666421158376562688,None,12,10,
2325,666418789513326592,Walter,10,10,
2326,666411507551481857,quite,2,10,
2327,666407126856765440,a,7,10,
2328,666396247373291520,None,9,10,
2329,666373753744588802,None,11,10,
2330,666362758909284353,None,6,10,
2331,666353288456101888,None,8,10,
2332,666345417576210432,None,10,10,
2333,666337882303524864,an,9,10,
2334,666293911632134144,a,3,10,
2335,666287406224695296,an,1,2,
2336,666273097616637952,None,11,10,
2337,666268910803644416,None,10,10,
2338,666104133288665088,None,1,10,
2339,666102155909144576,None,11,10,
2340,666099513787052032,None,8,10,
2341,666094000022159362,None,9,10,
2342,666082916733198337,None,6,10,
2343,666073100786774016,None,10,10,
2344,666071193221509120,None,9,10,
2345,666063827256086533,the,10,10,
2346,666058600524156928,the,8,10,
2347,666057090499244032,a,9,10,
2348,666055525042405380,a,10,10,
2349,666051853826850816,an,2,10,
2350,666050758794694657,a,10,10,
2351,666049248165822465,None,5,10,
2352,666044226329800704,a,6,10,
2353,666033412701032449,a,9,10,
2354,666029285002620928,a,7,10,
2355,666020888022790149,None,8,10,
